07:11:50;59.384935;9.261705;0.09;63.78
07:12:10;59.3849333333;9.26170333333;0.18;121.49
07:12:30;59.3849366667;9.261685;0.12;331.14
07:12:50;59.3849383333;9.26167833333;0.22;118.59
07:13:10;59.3849416667;9.26166833333;0.11;347.74
07:13:30;59.3849433333;9.26166666667;0.07;65.23
07:13:50;59.3849466667;9.261655;0.19;316.63
07:14:10;59.3849483333;9.26165;0.16;117.58
07:14:30;59.3849483333;9.26165666667;0.11;63.25
07:14:50;59.3849416667;9.26168333333;0.43;115.47
07:15:10;59.384945;9.261675;0.09;328.5
07:15:30;59.38495;9.26166166667;0.09;21.58
07:15:50;59.3849483333;9.26167;0.15;311.53
07:16:10;59.3849566667;9.26165;0.3;323.26
07:16:30;59.3849616667;9.261645;0.21;334.07
07:16:50;59.3849683333;9.261635;0.26;319.05
07:17:10;59.3849716667;9.261635;0.19;130.49
07:17:30;59.3849533333;9.26162666667;0.04;287.03
07:17:50;59.3849566667;9.26161166667;0.25;346.1
07:18:10;59.3849533333;9.26160833333;0.2;340.71
07:18:30;59.3849433333;9.26160166667;0.33;120.18
07:18:50;59.3849366667;9.26166;0.14;60.48
07:19:10;59.3849416667;9.26168333333;0.12;64.05
07:19:30;59.3849466667;9.26169166667;0.11;306.29
07:19:50;59.3849416667;9.26170166667;0.06;296.19
07:20:10;59.38494;9.26170333333;0.05;318.54
07:20:30;59.3849316667;9.26173166667;0.11;258.73
07:20:50;59.3849266667;9.26175666667;0.09;95.12
07:21:10;59.38492;9.26175333333;0.08;297.85
07:21:30;59.3849216667;9.26176166667;0.06;96.45
07:21:50;59.3849216667;9.26176833333;0.15;104.78
07:22:10;59.3849216667;9.26177;0.03;66.93
07:22:30;59.3849066667;9.26173;0.02;164.36
07:22:50;59.3849083333;9.26172666667;0.13;87.98
07:23:10;59.38492;9.26174833333;0.07;35.22
07:23:30;59.38493;9.26175666667;0.05;311.54
07:23:50;59.3849366667;9.261765;0.05;122.56
07:24:10;59.3849333333;9.26177166667;0.18;92.85
07:24:30;59.38493;9.26176333333;0.1;211.9
07:24:50;59.3849316667;9.26176166667;0.27;319.57
07:25:10;59.3849333333;9.26176666667;0.17;98.22
07:25:30;59.3849383333;9.26176;0.19;323.74
07:25:50;59.3849333333;9.26174;0.13;192.08
07:26:10;59.3849133333;9.26172;0.37;129.97
07:26:30;59.3849116667;9.26170833333;0.26;11.84
07:26:50;59.3849183333;9.26169;0.04;272.8
07:27:10;59.3849133333;9.26170166667;0.23;88.64
07:27:30;59.3849166667;9.261725;0.2;133.77
07:27:50;59.3849216667;9.26172833333;0.37;350.22
07:28:10;59.3849216667;9.26174166667;0.04;348.85
07:28:30;59.3849083333;9.26172666667;0.12;17.84
07:28:50;59.3849166667;9.26169333333;0.09;325.27
07:29:10;59.3849266667;9.26171666667;0.15;66.72
07:29:30;59.3849283333;9.26173833333;0.07;101.11
07:29:50;59.3849266667;9.26174166667;0.13;240.66
07:30:10;59.38492;9.26174166667;0.24;212.11
07:30:30;59.3849216667;9.26170333333;0.07;188.08
07:30:50;59.3849183333;9.26168166667;0.13;175.17
07:31:10;59.3849116667;9.26167666667;0.22;344.74
07:31:30;59.384905;9.26167333333;0.15;334.1
07:31:50;59.3849116667;9.261675;0.04;102.17
07:32:10;59.3849133333;9.26167666667;0.25;347.98
07:32:30;59.3849183333;9.26167166667;0.04;11.33
07:32:50;59.3849216667;9.26167666667;0.09;333.68
07:33:59;59.3851733333;9.26201666667;5.01;42.79
07:34:19;59.3854766667;9.26294333333;6.7;56.32
07:34:39;59.38555;9.264165;8.9;104.82
07:34:59;59.3856433333;9.26543833333;8.64;11.43
07:35:19;59.3863283333;9.26555166667;6.14;2.65
07:35:39;59.38654;9.26559166667;6.42;5.87
07:35:59;59.387235;9.26540333333;4.86;351.95
07:36:19;59.3877833333;9.264285;18.15;258.75
07:36:39;59.3878733333;9.26300666667;1.79;61.84
07:36:59;59.387875;9.26303833333;0.11;293.48
07:37:19;59.38785;9.262985;0.54;84.56
07:37:39;59.3878483333;9.263045;0.22;106.17
07:37:59;59.38786;9.26310833333;0.2;90.55
07:38:19;59.3878633333;9.26312166667;0.37;87.26
07:38:39;59.3878633333;9.26317;0.46;83.77
07:38:59;59.3878566667;9.263145;0.59;78.48
07:39:19;59.38785;9.263125;0.06;247.78
07:39:39;59.3878216667;9.263055;0.15;173.09
07:39:59;59.387835;9.263065;0.07;318.66
07:40:19;59.38784;9.26306333333;0.21;242.29
07:40:39;59.387835;9.26303333333;0.44;241.74
07:40:59;59.3878316667;9.263015;0.35;72.79
07:41:19;59.3878333333;9.263025;0.47;83.43
07:41:39;59.3878416667;9.26306;0.3;239.62
07:41:59;59.3878366667;9.26303833333;0.17;152.76
07:42:19;59.3878466667;9.26304666667;1.19;328.73
07:42:39;59.388015;9.26392666667;12.36;103.78
07:42:59;59.388235;9.26505666667;15.16;334.2
07:43:19;59.3896716667;9.26333833333;18.9;334.58
07:43:39;59.3915083333;9.262145;21.84;343.1
07:43:59;59.3932716667;9.2607;18.01;359.7
07:44:19;59.3939433333;9.25925833333;27.01;285.24
07:44:39;59.394655;9.25386833333;31.12;284.68
07:44:59;59.3956933333;9.24932333333;25.56;302.36
07:45:19;59.3970916667;9.2452;27.08;302.55
07:45:39;59.3973833333;9.24197833333;6.08;297.33
07:45:59;59.3969516667;9.24003666667;25.88;241.96
07:46:19;59.3956316667;9.235075;31.93;243.94
07:46:39;59.3934033333;9.23042333333;33.5;231.91
07:46:59;59.3920283333;9.22463833333;36.74;245.58
07:47:19;59.390755;9.21907166667;33.1;245.39
07:47:39;59.38962;9.213625;32.94;224.16
07:47:59;59.38711;9.210245;32.96;215.66
07:48:19;59.3846066667;9.20662166667;34.39;224.19
07:48:39;59.3839883333;9.20073833333;34.28;280.55
07:48:59;59.385715;9.19477666667;40.32;302.15
07:49:19;59.387545;9.18926333333;33.88;303.31
07:49:39;59.389095;9.18416166667;28.05;291.14
07:49:59;59.389115;9.17966333333;15.24;251.66
07:50:19;59.3886566667;9.17674833333;17.14;238.42
07:50:39;59.3878566667;9.17343333333;19.33;249.27
07:50:59;59.387545;9.17066666667;18.32;264.98
07:51:19;59.38791;9.16733333333;19.41;286.17
07:51:39;59.3888;9.16495833333;22.71;327.07
07:51:59;59.3911016667;9.163845;30.17;330.45
07:52:19;59.393135;9.15939666667;34.88;312.54
07:52:39;59.3953316667;9.15473;36.32;310.98
07:52:59;59.3970716667;9.14916333333;36.91;295.5
07:53:19;59.3984433333;9.14309666667;34.28;294.86
07:53:39;59.4007133333;9.13835166667;37.86;320.85
07:53:59;59.4033983333;9.13408333333;37.35;320.42
07:54:19;59.4061633333;9.13000166667;37.4;327.37
07:54:39;59.40888;9.12587333333;36.86;317.88
07:54:59;59.4117183333;9.12202333333;36.79;328.37
07:55:19;59.4124333333;9.11658;36.71;260.41
07:55:39;59.41064;9.11097833333;36.54;263.58
07:55:59;59.4088666667;9.10550166667;36.6;240.52
07:56:19;59.4084583333;9.09897166667;35.77;268.28
07:56:39;59.4093316667;9.09270333333;36.64;271.21
07:56:59;59.4094916667;9.08628833333;35.02;287.8
07:57:19;59.4103966667;9.08093666667;30.63;288.2
07:57:39;59.411015;9.07549;28.9;275.18
07:57:59;59.4121833333;9.07221666667;15.52;310.8
07:58:19;59.4130716667;9.06947833333;13.14;310.68
07:58:39;59.4134016667;9.066605;20.45;288.39
07:58:59;59.414025;9.06330666667;16.23;291.73
07:59:19;59.4145933333;9.06061166667;11.41;291.93
07:59:39;59.4150533333;9.05819666667;14.51;298.45
07:59:59;59.4151216667;9.05469666667;15.8;261.55
08:00:19;59.4158683333;9.05046;28.97;271.53
08:00:39;59.4161916667;9.04459666667;36.67;269.87
08:00:59;59.4158783333;9.03791333333;36.29;259.3
08:01:19;59.4159616667;9.03150666667;35.5;274.44
08:01:39;59.416255;9.02530166667;33.49;287.53
08:01:59;59.4155433333;9.01959166667;33.29;248.39
08:02:19;59.414315;9.01367333333;38.79;258.73
08:02:39;59.4135033333;9.00681166667;38.46;253.19
08:02:59;59.41236;9.0;41.88;251.47
08:03:19;59.4114316667;8.99315666667;37.43;258.87
08:03:39;59.4107216667;8.98658;38.21;252.81
08:03:59;59.40922;8.98049;37.32;246.17
08:04:19;59.4076483333;8.974055;38.53;245.95
08:04:39;59.4071833333;8.967245;37.94;273.99
08:04:59;59.40747;8.96015833333;39.84;274.36
08:05:19;59.4076366667;8.95303;39.51;272.12
08:05:39;59.407895;8.94594666667;37.8;277.35
08:05:59;59.4083766667;8.939025;40.17;280.66
08:06:19;59.4091366667;8.93212333333;39.0;282.2
08:06:39;59.40937;8.92536;35.32;290.53
08:06:59;59.41095;8.91963;36.66;297.77
08:07:19;59.4127966667;8.914215;35.21;311.08
08:07:39;59.415155;8.90991;34.52;321.39
08:07:59;59.417645;8.905985;35.14;321.27
08:08:19;59.4201116667;8.90204666667;34.65;321.11
08:08:39;59.4225383333;8.89821833333;31.55;321.03
08:08:59;59.4249116667;8.89438;33.18;315.43
08:09:19;59.4271266667;8.89006833333;37.54;315.84
08:09:39;59.4295916667;8.88533333333;35.27;314.94
08:09:59;59.43212;8.88049666667;37.67;315.47
08:10:19;59.434035;8.875045;37.38;292.31
08:10:39;59.4353766667;8.86879166667;35.2;292.88
08:10:59;59.4365666667;8.86324;30.5;292.24
08:11:19;59.4376483333;8.85819333333;34.51;292.92
08:11:39;59.4388283333;8.85217666667;34.99;283.84
08:11:59;59.4394466667;8.845825;33.88;304.25
08:12:19;59.4413016667;8.84088;34.31;305.75
08:12:39;59.442165;8.83497;34.47;268.7
08:12:59;59.44206;8.82865333333;35.13;268.15
08:13:19;59.441925;8.82224;34.53;266.15
08:13:39;59.442325;8.81617;35.93;265.17
08:13:59;59.4415766667;8.80980166667;34.47;261.6
08:14:19;59.4413333333;8.803405;33.05;247.17
08:14:39;59.4413216667;8.79810333333;31.77;282.99
08:14:59;59.4421033333;8.79249833333;31.66;294.56
08:15:19;59.44173;8.78665333333;35.88;257.84
08:15:59;59.440765;8.77456333333;32.62;273.2
08:16:19;59.442275;8.76880833333;35.75;304.27
08:16:39;59.444685;8.764245;35.6;318.29
08:16:59;59.4468583333;8.76045;31.8;337.06
08:17:19;59.4482833333;8.756385;35.97;264.03
08:17:39;59.4477833333;8.7506;25.46;243.93
08:17:59;59.4477033333;8.74538;30.14;278.49
08:18:19;59.4496566667;8.741715;30.32;295.99
08:18:39;59.4509016667;8.73691666667;27.54;275.6
08:18:59;59.4523516667;8.73466;30.08;342.25
08:19:19;59.4547933333;8.73217333333;29.68;328.27
08:19:39;59.4571133333;8.72869833333;33.9;326.77
08:19:59;59.4586933333;8.723085;35.43;301.0
08:20:19;59.4606316667;8.71849666667;36.13;307.65
08:20:39;59.461875;8.71396333333;29.38;268.46
08:20:59;59.460955;8.71;22.51;286.53
08:21:19;59.4630033333;8.705555;34.39;295.66
08:21:39;59.4651666667;8.70209666667;29.35;306.19
08:21:59;59.4666083333;8.69726;31.73;304.54
08:22:19;59.4686866667;8.694045;31.45;330.93
08:22:39;59.47084;8.68995166667;34.56;327.74
08:22:59;59.473715;8.68723166667;36.74;348.71
08:23:19;59.47645;8.68464333333;30.46;317.2
08:23:39;59.4781166667;8.68003333333;32.99;299.67
08:23:59;59.4808466667;8.67741166667;34.67;323.09
08:24:19;59.4829933333;8.67274166667;34.98;306.08
08:24:39;59.484555;8.66772166667;31.76;285.04
08:24:59;59.4856766667;8.66331833333;28.78;331.35
08:25:19;59.48705;8.65914;27.48;304.91
08:25:39;59.4868683333;8.65481333333;31.88;290.95
08:25:59;59.4883633333;8.65044;27.29;290.97
08:26:19;59.48937;8.64523666667;24.27;295.12
08:26:39;59.4884166667;8.644635;30.2;173.7
08:26:59;59.4853633333;8.64291;35.89;203.66
08:27:19;59.48273;8.63954833333;34.74;217.13
08:27:39;59.4804166667;8.63578333333;20.12;225.82
08:27:59;59.47895;8.63283;30.7;225.84
08:28:19;59.4770866667;8.6278;37.1;249.93
08:28:39;59.4758266667;8.62120666667;40.58;240.4
08:28:59;59.4745666667;8.61434;41.38;247.85
08:29:19;59.47313;8.60743666667;41.68;252.65
08:29:39;59.4719883333;8.60005;42.72;253.47
08:29:59;59.4704966667;8.59296666667;41.41;244.11
08:30:19;59.468235;8.58692833333;41.24;223.25
08:30:39;59.46532;8.58226833333;41.15;228.08
08:30:59;59.4625066667;8.57735;40.63;214.68
08:31:19;59.45954;8.57305166667;39.56;215.25
08:31:39;59.45733;8.567485;37.4;240.02
08:31:59;59.4557933333;8.56179166667;36.95;235.85
08:32:19;59.45327;8.56029666667;29.9;157.56
08:32:39;59.4502966667;8.56326333333;34.52;157.38
08:32:59;59.4471933333;8.562135;34.09;203.91
08:33:19;59.4455566667;8.55686833333;36.09;261.3
08:33:39;59.445485;8.550005;37.43;277.01
08:33:59;59.4442066667;8.54457333333;37.47;223.64
08:34:19;59.4435533333;8.53807;35.41;237.31
08:34:39;59.4429683333;8.531385;39.63;256.92
08:34:59;59.44224;8.52443833333;37.77;255.15
08:35:19;59.4424883333;8.51782833333;38.96;305.67
08:35:39;59.4440433333;8.511475;37.78;280.53
08:35:59;59.4429166667;8.504895;40.03;233.3
08:36:19;59.4403466667;8.4998;39.15;226.23
08:36:39;59.4389333333;8.49353666667;37.67;263.98
08:36:59;59.437655;8.487195;37.78;227.98
08:37:19;59.4358383333;8.481805;32.78;221.25
08:37:39;59.4351516667;8.47673;37.07;307.35
08:37:59;59.43787;8.473905;31.76;348.22
08:38:19;59.44037;8.47092833333;33.61;323.19
08:38:39;59.4418016667;8.46586666667;35.86;265.37
08:38:59;59.4419;8.45998833333;35.8;304.84
08:39:19;59.4438766667;8.45424166667;35.76;299.43
08:39:39;59.445105;8.44876166667;36.69;279.84
08:39:59;59.44698;8.44332833333;38.66;311.54
08:40:19;59.4499183333;8.44053666667;34.33;329.87
08:40:39;59.4531533333;8.438065;36.45;349.81
08:40:59;59.4569016667;8.43708333333;41.72;350.41
08:41:19;59.4602233333;8.43386833333;40.5;344.28
08:41:39;59.46396;8.43353833333;41.26;349.33
08:41:59;59.4674883333;8.43198833333;40.92;346.53
08:42:19;59.4704433333;8.42766833333;38.99;313.98
08:42:39;59.4729333333;8.42314333333;37.06;318.73
08:42:59;59.4756466667;8.41884833333;38.49;325.44
08:43:19;59.4786966667;8.415265;38.66;323.89
08:43:39;59.4811616667;8.410275;33.4;300.43
08:43:59;59.480955;8.40348833333;41.69;256.46
08:44:19;59.4801933333;8.39646333333;37.35;270.74
08:44:39;59.4803616667;8.38976333333;38.5;248.42
08:44:59;59.47951;8.38270166667;41.32;262.14
08:45:19;59.47844;8.37560666667;38.97;257.5
08:45:39;59.4774666667;8.36905333333;31.35;262.08
08:45:59;59.4781466667;8.36343333333;35.44;273.4
08:46:19;59.4787483333;8.35657333333;38.51;272.81
08:46:39;59.480375;8.35106666667;41.41;313.89
08:46:59;59.4822833333;8.34552;36.29;275.42
08:47:19;59.4846266667;8.34089166667;40.73;340.25
08:47:39;59.4870983333;8.33597;40.49;293.93
08:47:59;59.48856;8.32937833333;39.39;290.68
08:48:19;59.4898583333;8.32254333333;42.49;280.15
08:48:39;59.4912816667;8.3156;43.63;297.74
08:48:59;59.4931566667;8.309;42.48;288.2
08:49:19;59.49111;8.30261666667;40.8;225.89
08:49:39;59.4900866667;8.29561666667;41.17;265.05
08:49:59;59.49001;8.28875833333;36.98;297.31
08:50:19;59.4894383333;8.28217333333;38.57;232.59
08:50:39;59.4875;8.27710666667;35.52;244.49
08:50:59;59.4875816667;8.27082833333;41.84;297.72
08:51:19;59.4890183333;8.26399166667;40.02;301.85
08:51:39;59.48959;8.25658833333;42.46;273.11
08:51:59;59.4896416667;8.24919;38.52;268.26
08:52:19;59.4889066667;8.24315333333;38.55;280.56
08:52:39;59.4901766667;8.23729833333;39.26;328.26
08:52:59;59.490805;8.23163666667;36.63;253.99
08:53:19;59.4896283333;8.224985;36.43;264.88
08:53:39;59.4903033333;8.21838666667;40.58;268.51
08:53:59;59.4904533333;8.21126333333;37.76;291.22
08:54:19;59.4916216667;8.20885;0.7;151.9
08:54:39;59.4915983333;8.20890333333;0.62;53.14
08:54:59;59.4916016667;8.20885666667;0.28;207.59
08:55:19;59.491605;8.20891;0.05;142.46
08:55:39;59.4915833333;8.20887666667;0.46;17.64
08:55:59;59.4916066667;8.20890833333;0.41;31.41
08:56:19;59.4916066667;8.20891;0.09;62.79
08:56:39;59.4916016667;8.208865;0.22;13.42
08:56:59;59.4916083333;8.20890833333;0.13;77.68
08:57:19;59.4916083333;8.20887833333;0.38;337.03
08:57:39;59.4916;8.208895;0.35;150.24
08:57:59;59.4915833333;8.208925;0.22;143.16
08:58:19;59.4916016667;8.20894666667;0.45;28.16
08:58:39;59.4921783333;8.20734166667;28.42;311.48
08:58:59;59.4945733333;8.203665;30.9;332.44
08:59:19;59.4974583333;8.20063833333;35.3;312.77
08:59:39;59.499365;8.19731166667;12.78;276.66
08:59:59;59.4983866667;8.19444333333;11.89;273.41
09:00:19;59.4985333333;8.19116833333;22.43;287.28
09:01:30;59.4951366667;8.177225;23.1;229.44
09:01:50;59.4937316667;8.17460833333;25.09;150.28
09:02:10;59.4921533333;8.17156166667;32.01;246.66
09:02:30;59.4912366667;8.166765;23.77;260.7
09:03:43;59.488435;8.14921166667;27.5;246.62
09:04:03;59.4878083333;8.14465833333;26.96;267.63
09:04:23;59.48813;8.13958833333;27.1;270.34
09:04:43;59.48752;8.134785;18.92;227.57
09:05:03;59.48698;8.13262166667;21.05;291.57
09:05:23;59.4883683333;8.1279;30.77;271.19
09:05:43;59.4870883333;8.12281166667;35.54;218.04
09:06:52;59.47904;8.12061833333;15.27;182.78
09:07:12;59.4778083333;8.11970833333;19.47;152.3
09:07:32;59.4767816667;8.11618333333;28.31;239.36
09:07:52;59.475405;8.11217666667;25.65;247.3
09:08:12;59.4740683333;8.10792833333;29.98;247.87
09:08:32;59.4733833333;8.10209333333;30.16;259.43
09:08:52;59.472875;8.09664666667;32.88;254.36
09:09:12;59.4728783333;8.09026166667;35.43;270.81
09:09:32;59.47255;8.08392;36.78;256.57
09:09:52;59.471845;8.07772333333;35.64;264.48
09:10:12;59.4703483333;8.07160166667;35.24;247.76
09:10:32;59.46851;8.06655666667;34.13;214.93
09:10:52;59.4662433333;8.06329666667;31.38;260.67
09:11:12;59.4671333333;8.05675166667;36.73;280.39
09:11:32;59.468055;8.05061833333;32.95;298.52
09:11:52;59.470565;8.04692666667;30.28;306.33
09:12:12;59.4718633333;8.04159333333;35.15;260.63
09:12:32;59.4711883333;8.035055;35.5;255.56
09:12:52;59.4704733333;8.02829166667;35.98;268.01
09:13:12;59.4686333333;8.02581166667;23.84;178.92
09:13:32;59.46571;8.023845;28.63;197.72
09:13:52;59.462575;8.02342;39.49;164.99
09:14:12;59.4605816667;8.02222333333;26.24;172.43
09:14:32;59.4582266667;8.021955;27.61;165.17
09:14:52;59.4551733333;8.023075;32.47;190.07
09:15:12;59.4531033333;8.02063166667;30.78;222.58
09:15:32;59.4510216667;8.02157833333;24.87;176.41
09:15:52;59.44901;8.02504833333;33.76;140.89
09:16:12;59.4479266667;8.028995;1.63;82.14
09:16:32;59.4485866667;8.024165;32.39;295.53
09:16:52;59.449515;8.01849666667;21.99;274.65
09:18:01;59.4485583333;8.0164;31.13;94.72
09:18:21;59.4481516667;8.01809;14.71;276.52
09:18:41;59.4476433333;8.01444666667;23.31;241.37
09:19:01;59.44759;8.01374833333;0.82;203.85
09:19:21;59.4476833333;8.013805;0.55;33.9
09:19:41;59.4477766667;8.01394;0.47;38.78
09:20:01;59.4478133333;8.01399333333;1.2;32.81
09:20:21;59.4474716667;8.01357333333;0.25;61.61
09:20:41;59.4480066667;8.01415666667;1.3;32.54
09:21:01;59.447985;8.01416166667;0.12;75.8
09:21:21;59.4478683333;8.014035;1.23;208.41
09:21:41;59.4477183333;8.01386666667;0.69;41.59
09:22:01;59.44783;8.014025;0.5;33.27
09:22:21;59.4478;8.01400833333;0.11;175.27
09:22:41;59.44771;8.01392333333;0.02;31.57
09:23:01;59.447695;8.01393166667;0.15;150.97
09:23:21;59.4476983333;8.01396666667;0.16;314.22
09:23:41;59.4476283333;8.01393833333;0.74;167.87
09:24:01;59.4476116667;8.01391;0.45;50.37
09:24:21;59.4477733333;8.014085;1.12;358.03
09:24:41;59.4478183333;8.01405;0.34;178.04
09:25:01;59.4477316667;8.01398666667;0.36;211.54
09:25:21;59.4477883333;8.01404166667;0.69;39.99
09:25:41;59.4478833333;8.01416166667;2.47;33.92
09:26:01;59.447885;8.01407333333;0.69;52.24
09:26:21;59.4476983333;8.01394833333;0.12;140.57
09:26:41;59.4477133333;8.01399833333;1.56;212.88
09:27:01;59.4477016667;8.01388166667;0.8;222.67
09:27:21;59.4476816667;8.01385166667;0.97;217.25
09:27:41;59.4477016667;8.01393666667;0.66;58.12
09:28:01;59.4476616667;8.01390333333;0.3;132.68
09:28:21;59.4477083333;8.01393333333;0.82;236.81
09:28:41;59.447735;8.01389166667;0.61;190.73
09:29:01;59.4476333333;8.01378166667;0.21;62.99
09:29:21;59.4476533333;8.01384166667;0.38;188.18
09:29:41;59.44763;8.01383333333;0.17;209.12
09:30:01;59.447705;8.013925;0.2;82.2
09:30:21;59.44773;8.01396166667;0.62;219.14
09:30:41;59.4476916667;8.0139;0.19;46.52
09:31:01;59.4476133333;8.01386166667;0.13;109.1
09:31:21;59.4476816667;8.01371666667;0.54;243.06
09:31:41;59.447685;8.01392833333;0.42;29.15
09:32:01;59.4476883333;8.01393166667;0.65;198.85
09:32:21;59.4476966667;8.01383;0.22;62.18
09:32:41;59.44766;8.013765;0.44;176.59
09:33:01;59.4477366667;8.013845;0.59;171.72
09:33:21;59.4477;8.01385166667;0.27;160.2
09:33:41;59.4477;8.01381833333;0.2;312.17
09:34:01;59.4477833333;8.01385833333;1.31;14.42
09:34:21;59.447825;8.01383;0.53;264.54
09:34:41;59.4477166667;8.01385166667;0.47;171.48
09:35:01;59.447695;8.013835;0.63;165.75
09:35:21;59.447705;8.01383333333;0.31;168.14
09:35:41;59.4478016667;8.01388;0.47;47.96
09:36:01;59.4477266667;8.01382333333;0.41;163.08
09:36:21;59.4477866667;8.01387666667;0.53;27.3
09:36:41;59.4477666667;8.01387;0.02;181.55
09:37:01;59.44772;8.013865;0.24;335.74
09:37:21;59.4477233333;8.01382666667;0.36;150.48
09:37:41;59.4477216667;8.01388833333;0.24;140.75
09:38:01;59.447695;8.01388166667;0.26;160.89
09:38:21;59.4476633333;8.01386833333;0.25;328.66
09:38:41;59.4476883333;8.01387333333;0.27;350.47
09:39:01;59.4477;8.013875;0.11;348.94
09:39:21;59.4477033333;8.01385166667;0.3;153.61
09:39:41;59.4476916667;8.01384666667;0.08;299.86
09:40:01;59.4476916667;8.01385833333;0.03;32.89
09:40:21;59.447685;8.01384;0.12;152.44
09:40:41;59.4476633333;8.01383;0.17;114.27
09:41:01;59.4476816667;8.01383333333;0.07;238.82
09:41:21;59.4476666667;8.01383166667;0.08;147.32
09:41:41;59.4476933333;8.01383666667;0.1;6.85
09:42:01;59.44769;8.01382;0.01;89.02
09:42:21;59.447685;8.01382166667;0.05;31.74
09:42:41;59.44768;8.01383;0.04;54.8
09:43:01;59.44768;8.01384333333;0.03;143.94
09:43:21;59.4476866667;8.01383833333;0.04;335.63
09:43:41;59.4476883333;8.013835;0.02;46.4
09:44:01;59.4476916667;8.01383333333;0.04;342.55
09:44:21;59.4476916667;8.013835;0.01;187.85
09:44:41;59.4476883333;8.01383666667;0.05;315.99
09:46:34;59.4477283333;8.01382;0.02;119.17
09:46:54;59.4477766667;8.01329833333;6.13;215.29
09:47:14;59.4475466667;8.01520833333;18.77;83.26
09:47:34;59.447035;8.01937333333;23.99;111.65
09:47:54;59.4459766667;8.02367;27.73;111.43
09:48:14;59.44504;8.02627333333;4.47;144.56
09:48:34;59.4455316667;8.02367666667;19.51;295.23
09:48:54;59.4457283333;8.01984833333;20.61;279.19
09:49:14;59.445995;8.016005;22.37;263.88
09:49:34;59.4458166667;8.01225833333;20.01;246.45
09:49:54;59.4452733333;8.00899666667;20.29;255.91
09:50:14;59.445095;8.00503666667;20.41;265.44
09:50:34;59.44526;8.00183833333;18.77;281.96
09:50:54;59.4456;7.998125;20.27;280.08
09:51:14;59.4459566667;7.994385;21.33;278.06
09:51:34;59.4458716667;7.99038333333;21.08;265.07
09:51:54;59.4457066667;7.98650333333;22.41;266.1
09:52:14;59.4451816667;7.98207;24.86;233.98
09:52:34;59.4440716667;7.97832;20.18;262.16
09:52:54;59.44409;7.97544166667;18.21;294.61
09:53:14;59.444375;7.97527666667;7.74;261.85
09:53:34;59.4438783333;7.97725833333;26.16;99.76
09:53:54;59.44483;7.98151666667;25.19;63.19
09:54:14;59.44556;7.98455;18.05;82.64
09:54:34;59.4457133333;7.98780333333;19.02;84.76
09:54:54;59.4458716667;7.991455;18.96;84.96
09:55:14;59.445935;7.99432;18.14;93.81
09:55:34;59.4455633333;7.998205;23.39;101.12
09:55:54;59.4451333333;8.00116333333;2.93;146.73
09:56:14;59.4451766667;8.001005;0.27;273.84
09:56:34;59.44521;8.001015;0.34;197.32
09:56:54;59.4452116667;8.00103666667;0.1;38.81
09:57:14;59.4451616667;8.00104333333;0.04;78.41
09:57:34;59.4452133333;8.001085;0.05;309.18
09:57:54;59.44518;8.00107;0.06;172.8
09:58:14;59.44524;8.00110166667;0.23;5.18
09:58:34;59.445185;8.00147;4.14;41.6
09:58:54;59.4452966667;8.000525;20.39;282.08
09:59:14;59.4457666667;7.99655;23.31;281.67
09:59:34;59.4459783333;7.99220333333;23.65;264.21
09:59:54;59.4458116667;7.98806166667;23.23;265.41
10:00:14;59.4456933333;7.98434833333;10.91;279.33
10:00:34;59.44568;7.98348166667;0.32;241.15
10:00:54;59.4456766667;7.98347;0.1;124.38
10:01:14;59.44564;7.98350833333;0.2;144.7
10:01:34;59.445635;7.98355666667;0.16;174.9
10:01:54;59.4455983333;7.98361333333;0.34;100.54
10:02:14;59.4456216667;7.983595;0.52;274.96
10:02:34;59.4455983333;7.983665;0.07;251.21
10:02:54;59.44561;7.983645;0.34;273.66
10:03:14;59.4455916667;7.98360166667;0.28;270.36
10:03:34;59.4455633333;7.98364166667;0.22;140.06
10:03:54;59.4455783333;7.983645;0.36;284.88
10:04:14;59.4455566667;7.98367833333;0.05;186.87
10:04:34;59.445615;7.98370333333;0.48;328.35
10:04:54;59.4455583333;7.983635;0.13;223.78
10:05:14;59.445595;7.98362333333;0.45;287.91
10:05:34;59.4455716667;7.983615;0.36;114.89
10:05:54;59.4455233333;7.98359;0.31;173.86
10:06:14;59.4455366667;7.98356666667;0.42;82.45
10:06:34;59.44553;7.98361;0.58;116.82
10:06:54;59.4455166667;7.98366166667;0.52;108.82
10:07:14;59.4455383333;7.98360166667;0.34;137.3
10:07:34;59.4455466667;7.983595;0.21;307.97
10:07:54;59.4455466667;7.983545;0.46;287.02
10:08:14;59.4455533333;7.983515;0.14;355.92
10:08:34;59.4455233333;7.98362166667;0.18;156.46
10:08:54;59.4455416667;7.983595;0.31;287.38
10:09:14;59.4455533333;7.98348;0.03;316.15
10:09:34;59.4455233333;7.98356666667;0.29;258.89
10:09:54;59.4455483333;7.98357166667;0.29;238.59
10:10:14;59.4455866667;7.98353;0.63;24.12
10:10:34;59.44557;7.98352333333;0.1;156.32
10:10:54;59.445575;7.98355166667;0.66;33.73
10:11:14;59.4456016667;7.983565;0.32;38.5
10:11:34;59.445605;7.98356;0.24;324.73
10:11:54;59.4455966667;7.98354333333;0.38;47.82
10:12:14;59.4456516667;7.98356;0.19;33.04
10:12:34;59.4456183333;7.98356;0.34;341.53
10:12:54;59.445635;7.98349166667;0.69;329.67
10:13:14;59.4456116667;7.98351333333;0.3;61.77
10:13:34;59.44562;7.98351833333;0.49;314.83
10:13:54;59.4456116667;7.98350833333;0.63;229.03
10:14:14;59.4455283333;7.98362333333;0.55;137.74
10:14:34;59.4456333333;7.98360333333;0.34;358.47
10:14:54;59.44561;7.98361;0.74;71.77
10:15:14;59.4455866667;7.98355666667;0.76;240.46
10:15:34;59.4456133333;7.98353333333;0.35;92.42
10:15:54;59.4455383333;7.983465;0.22;261.67
10:16:14;59.4455616667;7.98347166667;0.73;281.78
10:16:34;59.44558;7.98346833333;0.52;307.21
10:16:54;59.445575;7.98353666667;0.25;96.26
10:17:14;59.4455966667;7.98340666667;0.14;304.58
10:17:34;59.4455616667;7.98355666667;0.23;105.84
10:17:54;59.4455666667;7.98362333333;0.31;148.09
10:18:14;59.4455733333;7.98356166667;0.28;289.63
10:18:34;59.445595;7.983405;0.18;354.7
10:18:54;59.4455966667;7.98346;0.14;82.09
10:19:14;59.44558;7.98351666667;0.04;128.4
10:19:34;59.4451916667;7.98229166667;19.14;233.11
10:19:54;59.4440866667;7.97865166667;23.17;250.93
10:20:14;59.4444833333;7.97442833333;26.84;310.59
10:20:34;59.4461366667;7.97099;27.37;318.39
10:20:54;59.447945;7.96771;27.63;306.9
10:21:14;59.448435;7.96361833333;23.97;286.5
10:21:34;59.4490683333;7.95884833333;28.97;279.6
10:21:54;59.4494266667;7.95427;23.27;273.19
10:22:14;59.4495166667;7.950575;11.42;257.94
10:22:34;59.4485683333;7.94830333333;19.18;205.89
10:22:54;59.4470133333;7.946785;16.08;225.72
10:23:14;59.4471016667;7.94519666667;10.27;226.0
10:23:34;59.446185;7.94238833333;16.22;237.41
10:23:54;59.4456116667;7.94002666667;19.75;247.6
10:24:14;59.4453666667;7.93649166667;17.76;260.84
10:24:34;59.44545;7.93278666667;23.45;271.88
10:24:54;59.445165;7.92856833333;20.33;252.99
10:25:14;59.4445683333;7.92448666667;23.81;261.58
10:25:34;59.4443666667;7.919875;25.99;267.25
10:25:54;59.44428;7.91513666667;24.76;263.9
10:26:14;59.4438916667;7.911115;23.76;253.07
10:26:34;59.4433416667;7.90686833333;24.85;277.99
10:26:54;59.4439983333;7.90228166667;27.31;283.16
10:27:14;59.44441;7.897655;24.92;274.53
10:27:34;59.4448333333;7.89337666667;25.53;259.07
10:27:54;59.445355;7.88893833333;25.64;272.57
10:28:14;59.4457316667;7.88443666667;25.93;277.81
10:28:34;59.4463533333;7.87995;22.8;298.16
10:28:54;59.4467333333;7.876475;16.78;276.56
10:29:14;59.4473633333;7.87370166667;17.44;307.76
10:29:34;59.448115;7.87030333333;21.27;280.56
10:29:54;59.44859;7.86666833333;21.64;299.41
10:30:14;59.449935;7.86387333333;16.67;317.76
10:30:34;59.4511683333;7.86112166667;21.79;307.8
10:30:54;59.45212;7.85782;20.42;293.09
10:31:14;59.453385;7.85493333333;20.48;307.01
10:31:34;59.4543916667;7.85219;20.59;312.71
10:31:54;59.455565;7.849455;18.74;300.92
10:32:14;59.4560616667;7.846825;14.85;217.04
10:32:34;59.4546666667;7.84665333333;18.67;173.1
10:32:54;59.45313;7.84785666667;16.49;166.34
10:33:14;59.4517766667;7.84953666667;17.24;131.87
12:52:28;59.4442483333;7.84575833333;17.25;98.38
12:52:48;59.4446733333;7.84828166667;14.81;60.46
12:53:08;59.4450566667;7.84985166667;10.14;66.92
12:53:28;59.4455616667;7.85212333333;14.69;67.4
12:53:48;59.4459766667;7.85465;13.42;69.14
12:54:08;59.4471383333;7.85596833333;14.56;14.56
12:54:28;59.448145;7.85539166667;12.49;337.13
12:54:48;59.4494116667;7.85412;16.51;323.15
12:55:08;59.4505433333;7.85223;17.16;309.06
12:55:28;59.4515733333;7.84998166667;18.1;310.07
12:55:48;59.452765;7.84806333333;13.52;341.03
12:56:08;59.4540766667;7.84705;16.24;325.82
12:56:28;59.4553566667;7.84655833333;13.86;3.92
12:56:48;59.45602;7.84801333333;14.14;130.36
12:57:08;59.4551133333;7.851005;17.47;115.44
12:57:28;59.4539983333;7.85296666667;14.35;126.65
12:57:48;59.4531516667;7.85550666667;24.51;127.5
12:58:08;59.4519383333;7.85803333333;15.18;119.17
12:58:28;59.4511383333;7.86031333333;17.06;129.17
12:58:48;59.44991;7.862885;20.59;131.59
12:59:08;59.4485333333;7.86529333333;18.19;137.27
12:59:28;59.447585;7.86771166667;18.01;107.24
12:59:48;59.4469983333;7.871615;20.34;111.68
13:00:08;59.446095;7.87456166667;19.42;132.01
13:00:28;59.4454583333;7.87749833333;19.28;105.82
13:00:48;59.44481;7.88089666667;24.68;121.32
13:01:08;59.4442333333;7.88563833333;25.76;102.77
13:01:28;59.4436566667;7.89049833333;23.13;92.31
13:01:48;59.4432933333;7.894525;21.43;86.58
13:02:08;59.4426133333;7.89806666667;21.64;108.76
13:02:28;59.4421816667;7.90239;23.7;106.39
13:02:48;59.4417333333;7.9065;27.67;107.31
13:03:08;59.4427466667;7.91054666667;25.13;69.4
13:03:28;59.4438883333;7.91429;23.32;83.64
13:03:48;59.44435;7.91894833333;29.45;88.57
13:04:08;59.44446;7.92393;26.23;81.15
13:04:28;59.4450233333;7.92811;20.27;68.53
13:04:48;59.4455116667;7.93198833333;23.03;76.21
13:05:08;59.4452416667;7.93638333333;21.19;82.15
13:05:28;59.4456533333;7.94056;24.0;69.74
13:05:48;59.44599;7.941905;7.89;65.5
13:06:08;59.446685;7.944505;18.75;61.22
13:06:28;59.4469683333;7.946535;12.58;154.05
13:06:48;59.4483633333;7.94836166667;21.18;15.42
13:07:08;59.44946;7.95062;3.27;69.52
13:07:28;59.449445;7.95438333333;28.15;94.06
13:07:48;59.4489866667;7.96000833333;31.79;100.55
13:08:08;59.4481916667;7.964975;24.78;103.78
13:08:28;59.4472783333;7.969015;26.49;136.91
13:08:48;59.44546;7.97213;26.07;132.91
13:09:08;59.44394;7.97579666667;26.05;110.65
13:09:28;59.44442;7.980225;23.92;54.55
13:09:48;59.4455933333;7.98386166667;22.12;71.53
13:10:08;59.4457683333;7.98814833333;24.57;85.02
13:10:28;59.44595;7.99269666667;23.8;87.17
13:10:48;59.44568;7.99671333333;19.9;102.91
13:11:08;59.4452383333;8.00097333333;24.13;102.33
13:11:28;59.4449666667;8.00424833333;15.38;84.52
13:11:48;59.4447166667;8.00601166667;17.81;100.55
13:12:08;59.44432;8.00796666667;8.98;187.27
13:12:28;59.443065;8.00783833333;7.8;184.06
13:12:48;59.4422783333;8.00764833333;2.78;214.67
13:13:08;59.4417866667;8.00749166667;3.03;200.62
13:13:28;59.4413616667;8.00774333333;5.16;146.55
13:13:48;59.4414666667;8.00848666667;2.54;39.05
13:14:08;59.4414733333;8.008485;0.08;42.59
13:14:28;59.4414566667;8.00850166667;0.44;142.8
13:14:48;59.4414583333;8.00849666667;0.04;356.39
13:15:08;59.44146;8.0085;0.1;199.0
13:15:28;59.4414466667;8.00849166667;0.17;179.39
13:15:48;59.4414333333;8.00847333333;0.08;180.84
13:16:08;59.4414333333;8.00847;0.26;59.35
13:16:28;59.4414366667;8.008465;0.26;179.51
13:16:48;59.44147;8.00844;0.25;173.42
13:17:08;59.4414566667;8.008455;0.28;55.08
13:17:28;59.4414466667;8.00845666667;0.43;48.9
13:17:48;59.4414433333;8.00845;0.07;201.2
13:18:08;59.44146;8.00845833333;0.33;41.94
13:18:28;59.441455;8.00844833333;0.06;149.76
13:18:48;59.4414533333;8.00846;0.08;139.08
13:19:08;59.4414466667;8.00845833333;0.06;147.97
13:19:28;59.441445;8.00846;0.1;178.62
13:19:48;59.4414383333;8.00844833333;0.06;125.82
13:20:08;59.441435;8.008445;0.04;78.86
13:20:28;59.441435;8.00845166667;0.09;262.1
13:20:48;59.4414316667;8.008475;0.33;36.61
13:21:08;59.4414316667;8.008485;0.14;30.59
13:21:28;59.441435;8.00837666667;0.18;12.55
13:21:48;59.4414833333;8.00838333333;0.4;39.45
13:22:08;59.4415116667;8.00847166667;0.43;240.62
13:22:28;59.44144;8.00846833333;0.36;106.78
13:22:48;59.4415216667;8.00853333333;0.74;149.76
13:23:08;59.4414333333;8.00852166667;0.66;172.1
13:23:28;59.44139;8.00852833333;0.54;121.58
13:23:48;59.4413966667;8.00853833333;0.36;17.4
13:24:08;59.4414566667;8.00848;0.22;247.93
13:24:28;59.4414633333;8.00848333333;0.73;173.37
13:24:48;59.4414383333;8.00847333333;0.18;144.52
13:25:08;59.4414616667;8.00847;0.16;118.54
13:25:28;59.4414116667;8.00845166667;0.32;117.72
13:25:48;59.4414583333;8.00846333333;0.29;203.22
13:26:08;59.4414533333;8.00847166667;0.18;55.42
13:26:28;59.4413966667;8.00839333333;0.13;119.51
13:26:48;59.4413716667;8.00837833333;0.12;117.63
13:27:08;59.4413983333;8.00843166667;0.3;176.36
13:27:28;59.4413966667;8.00843666667;0.47;42.7
13:27:48;59.441405;8.00844666667;0.53;34.86
13:28:08;59.441415;8.00846333333;0.11;208.45
13:28:28;59.4414383333;8.008495;0.13;192.39
13:28:48;59.44143;8.00849166667;0.23;53.36
13:29:08;59.4413866667;8.00853833333;0.33;34.43
13:29:28;59.4414033333;8.00847333333;0.08;192.06
13:29:48;59.44147;8.00844833333;0.58;24.93
13:30:08;59.4414166667;8.00843833333;0.53;213.44
13:30:28;59.44143;8.00846833333;0.13;169.31
13:30:48;59.44142;8.00846833333;0.25;26.84
13:31:08;59.4414583333;8.00849166667;0.47;40.37
13:31:28;59.4414083333;8.00844666667;0.44;50.24
13:31:48;59.441415;8.00843666667;0.6;37.03
13:32:08;59.4414066667;8.00854833333;2.11;173.8
13:32:28;59.441355;8.00859833333;0.34;186.8
13:32:48;59.441375;8.008555;0.13;32.87
13:33:08;59.4413933333;8.00860333333;0.87;8.3
13:33:28;59.4414183333;8.00854333333;0.24;210.57
13:33:48;59.4413783333;8.00851833333;0.19;38.53
13:34:08;59.4413683333;8.00847666667;0.33;132.52
13:34:28;59.441365;8.00848166667;0.13;144.61
13:34:48;59.4413266667;8.00854333333;0.19;162.71
13:35:08;59.441355;8.00850333333;0.08;192.25
13:35:28;59.441385;8.00844333333;0.12;107.28
13:35:48;59.4414016667;8.00840833333;0.29;118.23
13:36:08;59.4413783333;8.00846833333;0.17;146.84
13:36:28;59.4413416667;8.00851166667;0.07;133.17
13:36:48;59.4413366667;8.008515;0.12;147.36
13:37:08;59.4413433333;8.00851;0.1;21.27
13:37:28;59.4413466667;8.008515;0.16;175.61
13:37:48;59.4413816667;8.00846;0.06;355.89
13:38:08;59.441385;8.00843833333;0.1;153.42
13:38:28;59.4413666667;8.00846166667;0.11;137.9
13:38:48;59.4413683333;8.00846333333;0.05;125.82
13:39:08;59.4413783333;8.00846;0.06;24.6
13:39:28;59.4413766667;8.00846666667;0.04;43.48
13:39:48;59.4413833333;8.00844833333;0.11;206.69
13:40:08;59.4413866667;8.00843333333;0.06;159.12
13:40:28;59.4413866667;8.00843;0.12;77.49
13:40:48;59.4413733333;8.00845666667;0.16;358.33
13:41:08;59.44138;8.00844833333;0.13;14.08
13:41:28;59.4413883333;8.00843666667;0.13;7.33
13:41:48;59.4413783333;8.00845;0.17;332.1
13:42:08;59.4413616667;8.00848166667;0.51;142.96
13:42:28;59.441405;8.00840166667;0.08;64.88
13:42:48;59.4413633333;8.00850333333;0.19;171.33
13:43:08;59.441365;8.00850166667;0.13;326.31
13:43:28;59.4413383333;8.00855333333;0.01;186.12
13:43:48;59.4413516667;8.00852666667;0.62;133.3
13:44:08;59.4414133333;8.00840666667;1.24;315.19
13:44:28;59.4414266667;8.008385;0.37;306.38
13:44:48;59.4414233333;8.00839333333;0.45;314.75
13:45:08;59.44139;8.00845166667;0.72;314.69
13:45:28;59.4413616667;8.00850333333;0.34;143.31
13:45:48;59.4413733333;8.008475;0.35;141.59
13:46:08;59.4414616667;8.00831333333;2.47;316.76
13:46:28;59.441455;8.008315;1.29;138.15
13:46:48;59.4413766667;8.00845666667;0.1;136.77
13:47:08;59.44137;8.00846833333;0.11;153.79
13:47:28;59.4413716667;8.008475;0.03;108.02
13:47:48;59.4413883333;8.008445;0.12;131.88
13:48:08;59.4414316667;8.00836;0.09;132.53
13:48:28;59.44141;8.0084;0.01;274.64
13:48:48;59.4413916667;8.00844333333;0.23;132.87
13:49:08;59.441425;8.00838166667;0.38;136.09
13:49:28;59.441445;8.008335;0.39;313.77
13:49:48;59.44145;8.00832666667;0.38;132.19
13:50:08;59.44144;8.008345;0.8;141.93
13:50:28;59.4414016667;8.00842166667;0.19;356.45
13:50:48;59.4414216667;8.00839166667;0.53;328.49
13:51:08;59.4414283333;8.00837666667;0.12;354.02
13:51:28;59.44141;8.00841333333;0.1;3.2
13:51:48;59.44143;8.00838166667;0.23;146.73
13:52:08;59.4414466667;8.00833166667;0.24;157.85
13:52:28;59.44143;8.00837;0.21;137.52
13:52:48;59.4414166667;8.00839833333;0.18;134.53
13:53:08;59.4414216667;8.00837666667;0.41;150.67
13:53:28;59.441425;8.00837166667;0.21;136.81
13:53:48;59.44141;8.00840333333;0.14;359.0
13:54:08;59.4414183333;8.00839833333;0.04;126.77
13:54:28;59.4414166667;8.00841166667;0.14;9.52
13:54:48;59.4414016667;8.00839666667;0.16;154.98
13:55:08;59.44139;8.00838;0.06;29.22
13:55:28;59.4413916667;8.00840333333;0.32;153.15
13:55:48;59.4414033333;8.008415;0.07;34.58
13:56:08;59.441405;8.00840833333;0.12;148.65
13:56:28;59.4414;8.00840833333;0.29;147.4
13:56:48;59.4414016667;8.00840166667;0.2;342.65
13:57:08;59.441405;8.008395;0.18;348.99
13:57:28;59.4414166667;8.00840666667;0.15;141.36
13:57:48;59.4414033333;8.00839;0.1;148.79
13:58:08;59.441395;8.00839833333;0.35;151.66
13:58:28;59.4413983333;8.00840666667;0.38;147.15
13:58:48;59.441405;8.00842;0.14;79.27
13:59:08;59.4414016667;8.00842333333;0.09;121.82
13:59:28;59.441375;8.008435;0.19;153.17
13:59:48;59.44136;8.00843166667;0.17;149.84
14:00:08;59.4413666667;8.00841833333;0.19;107.38
14:00:28;59.4413683333;8.00842;0.1;107.16
14:00:48;59.4413783333;8.00842;0.22;152.48
14:01:08;59.441375;8.00841833333;0.1;338.22
14:01:28;59.44138;8.008415;0.32;149.37
14:01:48;59.44138;8.00842;0.35;154.59
14:02:08;59.4413666667;8.00841333333;0.35;160.02
14:02:28;59.4413783333;8.00842666667;0.26;2.3
14:02:48;59.4413966667;8.00841833333;0.21;151.83
14:03:08;59.4413733333;8.00842833333;0.09;37.11
14:04:52;59.4414333333;8.00828833333;0.09;101.36
14:05:12;59.4414;8.00841666667;0.11;66.19
14:05:32;59.4413716667;8.00845;0.17;147.33
14:05:52;59.4413716667;8.00845;0.09;142.12
14:06:12;59.4413683333;8.00843666667;0.07;81.96
14:06:32;59.441375;8.00844166667;0.18;194.02
14:06:52;59.4413616667;8.00843833333;0.1;66.02
14:07:12;59.44137;8.00843666667;0.01;75.17
14:07:32;59.4413916667;8.00844;0.33;8.46
14:07:52;59.4413983333;8.00842833333;0.2;143.92
14:08:12;59.44139;8.00843;0.06;155.56
14:08:32;59.441375;8.00842333333;0.06;126.91
14:08:52;59.4413783333;8.00842666667;0.07;48.77
14:09:12;59.44139;8.00840666667;0.15;64.08
14:09:32;59.4413683333;8.0084;0.25;193.96
14:09:52;59.4413666667;8.008405;0.09;75.61
14:10:12;59.44136;8.00839166667;0.22;189.29
14:10:32;59.4413583333;8.0084;0.04;162.96
14:10:52;59.4413966667;8.00842;0.17;45.63
14:11:12;59.441385;8.00843166667;0.2;45.93
14:11:32;59.441385;8.00842166667;0.04;61.01
14:11:52;59.4413916667;8.00842833333;0.04;149.72
14:12:12;59.4414383333;8.00836166667;0.3;9.77
14:12:32;59.4414183333;8.00833;0.07;108.76
14:12:52;59.4414683333;8.00829666667;0.19;79.73
14:13:12;59.4414566667;8.00829833333;0.34;85.12
14:13:32;59.4414483333;8.00838833333;0.48;196.21
14:14:54;59.441415;8.00839833333;0.29;35.27
14:15:14;59.441465;8.00844833333;0.43;195.86
14:15:34;59.4414483333;8.008415;0.36;22.61
14:15:54;59.4414783333;8.008345;0.26;251.51
14:16:14;59.4414933333;8.00832;0.3;235.07
14:16:34;59.44148;8.00840333333;0.56;184.96
14:16:54;59.4414316667;8.00845;0.11;176.14
14:17:14;59.4414166667;8.00840166667;0.12;19.71
14:17:34;59.4414466667;8.00842333333;0.35;26.42
14:17:54;59.4414;8.00849;0.89;18.71
14:18:14;59.44137;8.008455;0.24;194.53
14:18:34;59.4414133333;8.00847666667;0.92;19.58
14:18:54;59.4414;8.00846;0.45;15.77
14:19:14;59.4414166667;8.00840333333;0.53;15.87
14:19:34;59.4413816667;8.00842333333;0.97;13.14
14:19:54;59.4413766667;8.00837166667;0.3;348.75
14:20:14;59.44145;8.00834833333;0.21;180.1
14:20:34;59.44139;8.00842166667;0.03;74.59
14:20:54;59.4413933333;8.008435;0.86;20.68
14:21:14;59.4413666667;8.00842833333;0.48;14.89
14:21:34;59.4413266667;8.00842166667;0.23;27.55
14:21:54;59.441345;8.008425;0.37;181.78
14:22:14;59.441305;8.00841166667;0.4;8.03
14:22:34;59.4413633333;8.00843;0.57;189.9
14:22:54;59.4414316667;8.00845833333;0.84;17.44
14:23:14;59.441415;8.00845166667;0.5;191.39
14:23:34;59.4414533333;8.00844833333;0.95;190.33
14:23:54;59.4414033333;8.00842166667;0.14;212.99
14:24:14;59.441335;8.00842333333;0.45;186.85
14:24:34;59.4413816667;8.00845666667;0.08;211.35
14:24:54;59.4413983333;8.00846166667;0.02;100.9
14:25:14;59.4414816667;8.00845333333;0.14;358.53
14:25:34;59.4414783333;8.00841333333;0.48;2.6
14:25:54;59.4414116667;8.00838666667;1.3;182.77
14:26:14;59.4414366667;8.00841;0.84;21.82
14:26:34;59.4413216667;8.00844166667;0.6;171.67
14:26:54;59.441325;8.00845666667;0.15;331.94
14:27:14;59.44139;8.00847666667;0.51;17.58
14:27:34;59.4413633333;8.00846833333;0.67;185.64
14:27:54;59.4414283333;8.00848666667;0.25;16.33
14:28:14;59.4413983333;8.00847666667;0.09;147.12
14:28:34;59.44137;8.008465;0.28;18.05
14:28:54;59.4413716667;8.00845833333;0.55;180.45
14:29:14;59.441375;8.00847833333;0.07;123.99
14:29:34;59.4414333333;8.00847;0.34;12.76
14:29:54;59.441395;8.008465;0.32;11.7
14:30:14;59.441425;8.00845166667;0.3;170.77
14:30:34;59.4414716667;8.00847333333;0.24;25.67
14:30:54;59.441465;8.00848666667;0.58;8.71
14:31:14;59.44144;8.00849166667;0.14;13.86
14:31:34;59.4414166667;8.00847833333;0.29;161.94
14:31:54;59.4414433333;8.00847833333;0.32;13.08
14:32:14;59.441465;8.00848166667;0.22;0.37
14:32:34;59.441475;8.00849833333;1.58;359.92
14:32:54;59.44139;8.00848833333;0.52;187.0
14:33:14;59.4413233333;8.00848166667;0.49;174.18
14:33:34;59.4413683333;8.008485;0.74;174.55
14:33:54;59.4414033333;8.00848666667;1.06;174.37
14:34:14;59.4413466667;8.00850666667;0.54;6.18
14:34:34;59.4413633333;8.00853;0.5;185.95
14:34:54;59.4414416667;8.00851833333;2.3;3.77
14:35:14;59.4413133333;8.00848833333;2.53;182.12
14:35:34;59.4414033333;8.00846833333;2.45;4.13
14:35:54;59.4412766667;8.00847833333;0.42;177.4
14:36:14;59.4413533333;8.00848666667;0.65;179.17
14:36:34;59.4413433333;8.0085;0.86;181.77
14:36:54;59.44138;8.008495;0.44;181.24
14:37:14;59.441375;8.008495;0.4;175.23
14:37:34;59.4413983333;8.00849833333;0.7;11.72
14:37:54;59.4413566667;8.00849833333;0.06;122.72
14:38:14;59.4413333333;8.00849166667;0.18;29.88
14:38:34;59.4413133333;8.00848666667;0.09;44.98
14:38:54;59.4415383333;8.00845166667;1.29;2.56
14:39:14;59.4414883333;8.008475;0.75;173.55
14:39:34;59.4414783333;8.00847166667;0.55;8.98
14:39:54;59.4414666667;8.00846666667;0.11;142.61
14:40:14;59.4413683333;8.00846333333;0.96;12.16
14:40:34;59.441405;8.00846666667;0.73;178.29
14:40:54;59.4413783333;8.00847;0.17;30.01
14:41:14;59.441395;8.00846666667;0.22;19.88
14:41:34;59.441295;8.00846166667;0.18;25.01
14:41:54;59.4413016667;8.00847;0.09;138.27
14:42:14;59.4413083333;8.00847;0.37;11.93
14:42:34;59.4413466667;8.00847;0.16;24.36
14:42:54;59.4413466667;8.00847333333;0.14;31.09
14:43:14;59.4413516667;8.00848;0.12;30.99
14:43:34;59.44135;8.00846333333;0.1;28.94
14:43:54;59.44135;8.00847666667;0.34;12.62
14:44:14;59.44136;8.00848833333;0.93;30.81
14:44:34;59.4413;8.00840166667;0.0;230.11
14:44:54;59.4413066667;8.00844833333;0.69;16.07
14:45:14;59.4412833333;8.00844666667;0.13;29.48
14:45:34;59.4413633333;8.008505;0.34;16.48
14:45:54;59.4413966667;8.00850166667;0.13;19.86
14:46:14;59.44137;8.00847833333;0.12;34.84
14:46:34;59.441375;8.00846833333;0.12;33.54
14:46:54;59.4413966667;8.00847833333;0.1;22.31
14:47:14;59.44131;8.00845166667;0.1;144.91
14:47:34;59.4413516667;8.00845666667;0.18;30.03
14:47:54;59.4413383333;8.00846333333;0.26;14.07
14:48:14;59.4413183333;8.008465;0.26;170.51
14:48:34;59.44137;8.00846333333;0.21;19.18
14:48:54;59.44137;8.00846333333;0.08;38.15
14:49:14;59.4413816667;8.00846166667;1.05;3.56
14:49:34;59.4413816667;8.00846666667;0.14;25.19
14:49:54;59.4413216667;8.00846;0.04;77.88
14:50:14;59.4413333333;8.00845833333;0.21;158.72
14:50:34;59.44136;8.00845833333;0.08;47.5
14:50:54;59.44135;8.008455;0.22;22.9
14:51:14;59.441305;8.00845333333;0.1;11.04
14:51:34;59.44131;8.00845;0.1;32.12
14:51:54;59.44132;8.00844166667;0.14;13.65
14:52:14;59.44132;8.00839833333;0.22;36.8
14:52:34;59.441265;8.00843333333;0.13;46.18
14:52:54;59.4413066667;8.00845;0.26;18.49
14:53:14;59.44135;8.00846666667;0.17;26.99
14:53:34;59.441325;8.00845666667;0.04;50.69
14:53:54;59.4413016667;8.00844833333;0.17;19.49
14:54:14;59.4413083333;8.00839;0.18;4.6
14:54:34;59.44132;8.00842166667;0.29;156.94
14:54:54;59.441305;8.00842333333;0.14;167.14
14:55:14;59.4413666667;8.00842;0.11;347.45
14:55:34;59.4413833333;8.00840333333;0.39;57.33
14:55:54;59.4413816667;8.008395;0.15;332.03
14:56:14;59.44135;8.00838;0.14;75.54
14:56:34;59.441345;8.00846666667;0.31;59.85
14:56:54;59.4413483333;8.00835666667;0.56;300.59
14:57:14;59.44137;8.00836;0.44;188.82
14:57:34;59.4413333333;8.00841333333;0.33;188.88
14:57:54;59.44132;8.00835333333;0.44;291.96
14:58:14;59.441325;8.00840333333;0.17;43.25
14:58:34;59.4412983333;8.00835166667;0.34;350.5
14:58:54;59.441365;8.00841333333;1.34;35.42
14:59:14;59.4414116667;8.008445;1.41;25.73
14:59:34;59.4413083333;8.00843166667;0.07;103.32
14:59:54;59.4413116667;8.00835666667;0.26;10.61
15:00:14;59.4413216667;8.008315;0.24;294.62
15:00:34;59.4413283333;8.00840333333;0.31;37.95
15:00:54;59.4413483333;8.00839333333;0.15;335.63
15:01:14;59.4413633333;8.00833666667;0.3;52.12
15:01:34;59.44137;8.008335;0.26;310.82
15:01:54;59.4414716667;8.00838833333;0.49;12.11
15:02:14;59.441425;8.00841166667;0.97;43.11
15:02:34;59.44135;8.00839333333;1.43;205.48
15:02:54;59.4413233333;8.00839;0.6;27.8
15:03:14;59.4413683333;8.00832333333;0.48;6.18
15:03:34;59.4414316667;8.00837;0.52;25.67
15:03:54;59.4414733333;8.00845;0.32;184.01
15:04:14;59.4414116667;8.008475;0.07;53.21
15:04:34;59.441395;8.00846;0.14;33.73
15:04:54;59.44137;8.008425;0.53;207.57
15:05:14;59.4413866667;8.008435;0.71;22.91
15:05:34;59.4414283333;8.00845666667;0.17;15.65
15:05:54;59.4414316667;8.00846166667;0.07;27.31
15:06:14;59.441365;8.00839666667;0.19;118.85
15:06:34;59.4413816667;8.00841833333;0.19;350.49
15:06:54;59.4414666667;8.00849166667;0.31;213.61
15:07:14;59.44144;8.00851833333;0.13;339.63
15:07:34;59.4413783333;8.00848166667;1.43;206.32
15:07:54;59.4413066667;8.00839833333;1.84;204.48
15:08:14;59.44129;8.00838833333;0.11;63.0
15:08:34;59.4413016667;8.00837833333;0.78;203.83
15:08:54;59.4413016667;8.00839666667;0.4;133.84
15:09:14;59.44132;8.00838833333;0.18;343.84
15:09:34;59.4415033333;8.00849166667;1.53;16.14
15:09:54;59.4415483333;8.00853833333;2.3;19.14
15:10:14;59.441485;8.00853;0.53;32.64
15:10:34;59.4416133333;8.00857;1.44;17.63
15:10:54;59.4414366667;8.00849666667;1.05;192.21
15:11:14;59.4410466667;8.00824666667;3.2;195.46
15:11:34;59.44107;8.00825333333;0.75;16.64
15:11:54;59.441075;8.00819333333;1.04;198.64
15:12:14;59.44108;8.00827166667;0.75;26.67
15:12:34;59.4412083333;8.00832166667;0.75;16.11
15:12:54;59.4413;8.008405;0.71;49.07
15:13:14;59.44159;8.00847;1.81;15.87
15:13:34;59.44159;8.00854833333;0.26;51.44
15:13:54;59.4411933333;8.00829166667;1.82;201.05
15:14:14;59.4413;8.00841;0.73;10.89
15:15:19;59.4411283333;8.00826;0.32;2.26
15:15:39;59.4413733333;8.00832;0.67;310.85
15:15:59;59.441445;8.008435;1.73;6.51
15:16:19;59.4416933333;8.008525;0.6;356.17
15:16:39;59.4415233333;8.00847333333;0.86;196.32
15:16:59;59.4414883333;8.00844666667;0.05;127.8
15:17:19;59.4413266667;8.00843166667;2.13;3.9
15:17:39;59.4413966667;8.00846666667;1.4;182.72
15:17:59;59.4412183333;8.008425;1.54;170.1
15:18:19;59.4413533333;8.008405;2.92;170.42
15:18:39;59.4412933333;8.008445;3.21;166.02
15:18:59;59.4414933333;8.00843;0.5;170.76
15:19:19;59.4413816667;8.00843666667;1.88;187.75
15:19:39;59.4417983333;8.00836666667;0.88;32.9
15:19:59;59.4416533333;8.00837833333;3.04;174.95
15:20:19;59.441675;8.00836833333;2.21;172.56
15:20:39;59.4412733333;8.00845166667;2.2;184.69
15:20:59;59.4410683333;8.00848666667;1.09;177.57
15:21:19;59.4411566667;8.00845833333;0.27;85.92
15:21:39;59.4412816667;8.008455;0.35;129.51
15:21:59;59.4414383333;8.00846;0.34;294.69
15:22:19;59.4413016667;8.00844833333;4.14;173.54
15:22:39;59.4414266667;8.00847166667;0.32;13.82
15:22:59;59.4413033333;8.00844666667;1.09;173.81
15:23:19;59.4411633333;8.00844166667;0.28;8.25
15:23:39;59.4411583333;8.008415;1.46;187.73
15:23:59;59.441295;8.008425;0.84;172.46
15:24:19;59.441385;8.00839833333;0.82;186.54
15:24:39;59.4415233333;8.00836666667;0.12;330.43
15:24:59;59.4414866667;8.008365;0.34;176.93
15:25:19;59.4411783333;8.00832833333;0.64;168.53
15:25:39;59.4411366667;8.00839333333;0.71;171.4
15:25:59;59.44114;8.008415;0.22;161.2
15:26:19;59.4411533333;8.00842166667;0.29;168.03
15:26:39;59.4412233333;8.0084;0.21;285.62
15:26:59;59.4412133333;8.00840833333;0.29;195.77
15:27:19;59.44117;8.00842333333;0.68;134.22
15:27:39;59.4411483333;8.008435;0.33;198.64
15:27:59;59.4412916667;8.00838666667;0.8;325.22
15:28:19;59.4414966667;8.00837166667;0.51;293.05
15:28:39;59.44153;8.00837833333;0.03;278.91
15:28:59;59.44137;8.00841833333;0.92;178.65
15:29:19;59.4414633333;8.008435;0.15;336.38
15:29:39;59.4414183333;8.00841166667;0.74;21.58
15:29:59;59.4414066667;8.0084;0.19;25.14
15:30:19;59.441335;8.00837833333;0.45;164.05
15:30:39;59.4414433333;8.008425;0.27;172.94
15:30:59;59.4413383333;8.00841166667;0.21;337.02
15:31:19;59.4413616667;8.00843166667;0.68;211.07
15:31:39;59.4412916667;8.00845166667;1.06;157.09
15:31:59;59.4412;8.00844666667;0.3;148.24
15:32:19;59.441255;8.008475;0.88;21.61
15:32:39;59.4413733333;8.00842833333;0.25;11.04
15:32:59;59.441265;8.00843166667;0.46;33.61
15:33:19;59.4412333333;8.00841666667;0.26;30.37
15:33:39;59.4412866667;8.00838833333;0.36;122.62
15:33:59;59.4412583333;8.00843;0.59;117.73
15:34:19;59.4412666667;8.008435;0.15;255.78
15:34:39;59.441275;8.00843333333;0.45;342.63
15:34:59;59.44131;8.00844;0.84;353.49
15:35:19;59.4413116667;8.00841166667;0.03;227.84
15:35:39;59.4413233333;8.00841833333;0.43;169.02
15:35:59;59.4412883333;8.00844;0.13;160.94
15:36:19;59.4412933333;8.00843666667;0.12;1.73
15:36:39;59.4413016667;8.00841833333;0.01;215.43
15:36:59;59.4413216667;8.008405;0.07;169.52
15:37:19;59.441325;8.00841;0.09;162.79
15:37:39;59.4413233333;8.00841666667;0.36;213.76
15:37:59;59.441325;8.00843333333;0.11;211.49
15:38:19;59.4413116667;8.00841666667;0.27;88.39
15:38:39;59.4412416667;8.00844833333;0.42;219.34
15:38:59;59.4412366667;8.00844833333;0.11;247.15
15:39:19;59.44126;8.00843666667;0.17;82.01
15:39:39;59.441255;8.00841833333;0.19;220.42
15:39:59;59.44125;8.00840666667;0.15;47.79
15:40:19;59.4412966667;8.00839666667;0.23;222.52
15:40:39;59.4413233333;8.00841833333;0.38;52.97
15:40:59;59.4413133333;8.00840833333;0.07;58.53
15:41:19;59.4413216667;8.00840666667;0.32;200.02
15:41:39;59.4413;8.00841666667;0.21;216.99
15:41:59;59.4412916667;8.008395;0.14;212.53
15:42:19;59.4413;8.0084;0.22;243.7
15:42:39;59.4412583333;8.00841166667;0.25;175.47
15:42:59;59.44127;8.00842;0.02;176.79
15:43:19;59.441265;8.00845;0.01;186.53
15:43:39;59.44128;8.00844;0.01;139.59
15:43:59;59.4412916667;8.00842;0.09;158.76
15:44:19;59.441295;8.00842833333;0.04;108.28
15:44:39;59.441305;8.00844833333;0.03;164.36
15:44:59;59.44129;8.00846166667;0.11;155.25
15:45:19;59.4412966667;8.00845666667;0.07;210.43
15:45:39;59.4412783333;8.00847833333;0.02;67.19
15:45:59;59.4413266667;8.00845;0.05;201.99
15:46:19;59.4413166667;8.00846333333;0.14;156.28
15:46:39;59.44128;8.008505;0.09;152.93
15:46:59;59.44128;8.00850833333;0.26;158.34
15:47:19;59.4413016667;8.00848666667;0.08;157.69
15:47:39;59.4413;8.00848333333;0.06;160.97
15:47:59;59.4412833333;8.0085;0.08;165.82
15:48:19;59.44129;8.008495;0.06;165.38
15:48:39;59.4412966667;8.00848666667;0.08;157.66
15:48:59;59.4413016667;8.00848666667;0.08;160.23
15:49:19;59.4413016667;8.00849;0.1;152.8
15:49:39;59.441295;8.00849666667;0.13;161.14
15:49:59;59.4412883333;8.00849833333;0.14;167.16
15:50:19;59.4412866667;8.008495;0.12;178.21
15:50:39;59.44129;8.00849833333;0.07;145.82
15:50:59;59.4412933333;8.00849;0.11;161.58
15:51:19;59.4412933333;8.00849;0.07;166.64
15:51:39;59.4412916667;8.00849333333;0.09;326.32
15:51:59;59.44128;8.00851333333;0.17;159.43
15:52:19;59.4413;8.00850833333;0.16;158.98
15:52:39;59.4412816667;8.00851;0.09;180.48
15:52:59;59.4412533333;8.00854333333;0.38;153.92
15:53:19;59.4412633333;8.00854166667;0.15;162.99
15:53:39;59.4412933333;8.00849833333;0.26;327.54
15:55:11;59.44127;8.00844833333;0.07;155.8
15:55:31;59.4413;8.00847;0.38;168.2
15:55:51;59.44132;8.00845833333;0.51;3.4
15:56:11;59.44133;8.00844;0.07;182.13
16:33:13;59.441435;8.00829166667;0.03;246.4
16:33:33;59.44146;8.00824;1.08;323.52
16:33:53;59.4414333333;8.00832;0.21;356.73
16:34:13;59.441445;8.00827;0.24;121.3
16:34:33;59.4414033333;8.00833166667;0.27;112.76
16:34:53;59.441385;8.00835;0.39;134.65
16:35:13;59.4414066667;8.008315;0.09;245.9
16:35:33;59.4413983333;8.00832666667;0.27;177.05
16:35:53;59.4413983333;8.00832333333;0.27;171.25
16:36:13;59.441415;8.008305;0.14;346.31
16:36:33;59.4414266667;8.008315;0.15;174.32
16:36:53;59.4414433333;8.008305;0.08;316.6
16:37:13;59.441435;8.00831333333;0.04;270.54
16:37:33;59.4413983333;8.00830666667;0.44;139.16
16:37:53;59.441435;8.008255;0.15;308.63
16:38:13;59.4414683333;8.00819166667;0.59;314.31
16:38:33;59.4414133333;8.00828166667;0.35;316.16
16:38:53;59.441425;8.00826166667;0.34;133.71
16:39:13;59.4414083333;8.00830166667;0.76;135.19
16:39:33;59.4413916667;8.00831;0.19;145.29
16:39:53;59.4414033333;8.00829666667;0.06;58.48
16:40:13;59.441475;8.00821166667;0.28;135.28
16:40:33;59.4414783333;8.00822333333;0.25;312.5
16:40:53;59.4414583333;8.00820166667;0.27;306.41
16:41:13;59.4414333333;8.00825;0.1;141.38
16:41:33;59.4413816667;8.00832833333;0.23;174.92
16:41:53;59.4414033333;8.00831333333;0.11;350.84
16:42:13;59.441465;8.00824666667;0.41;146.62
16:42:33;59.441425;8.00826333333;0.09;330.72
16:42:53;59.44141;8.00829333333;0.08;59.83
16:43:13;59.441405;8.00831;0.52;330.43
16:43:33;59.4413716667;8.00836;0.89;146.37
16:43:53;59.441365;8.008375;0.16;324.03
16:44:13;59.4413616667;8.00837333333;0.3;335.78
16:44:33;59.44138;8.00835833333;0.17;305.04
16:44:53;59.4413766667;8.008365;0.44;147.55
16:45:13;59.4413683333;8.00838333333;0.08;328.6
16:45:33;59.4413933333;8.00834666667;0.15;350.34
16:45:53;59.4413833333;8.00838;0.23;322.94
16:46:13;59.4413783333;8.008375;0.45;305.9
16:46:33;59.4413816667;8.00835333333;0.32;143.33
16:46:53;59.4413983333;8.00834166667;0.11;98.05
16:47:13;59.44137;8.00837666667;0.24;322.36
16:47:33;59.441385;8.00836833333;0.35;289.97
16:47:53;59.4413933333;8.008355;0.39;124.61
16:48:13;59.4414116667;8.00831833333;0.27;318.27
16:48:33;59.4414066667;8.00833833333;0.34;161.38
16:48:53;59.44138;8.008395;0.27;157.12
16:49:13;59.44137;8.00841333333;0.18;148.18
16:49:33;59.4413633333;8.008425;0.48;144.58
16:49:53;59.4413533333;8.008425;0.3;306.81
16:50:13;59.4413533333;8.00839833333;0.46;150.44
16:50:33;59.441355;8.0084;0.23;327.49
16:50:53;59.4413716667;8.008385;0.11;124.4
16:51:13;59.4413516667;8.00842666667;0.12;276.12
16:51:33;59.4413666667;8.00840333333;0.07;287.15
16:51:53;59.4413533333;8.00842166667;0.18;297.45
16:52:13;59.4413866667;8.00834;0.43;319.39
16:52:33;59.4413883333;8.008345;0.05;104.74
16:52:53;59.4414116667;8.00830833333;0.11;307.76
16:53:13;59.441415;8.008305;0.07;313.13
16:53:33;59.4414033333;8.00833166667;0.07;6.23
16:53:53;59.4413966667;8.00833333333;0.24;316.85
16:54:13;59.4413916667;8.00833333333;0.1;300.3
16:54:33;59.4413883333;8.00833166667;0.46;321.54
16:54:53;59.4413783333;8.00834666667;0.58;148.14
16:55:13;59.44138;8.008355;0.61;315.09
16:55:33;59.4413866667;8.00833833333;0.22;329.07
16:55:53;59.4413783333;8.00834166667;0.2;319.63
16:56:13;59.4413666667;8.00836833333;0.21;119.94
16:56:33;59.441365;8.00837666667;0.44;149.01
16:56:53;59.441355;8.00839166667;0.45;145.48
16:57:13;59.4413466667;8.00840333333;0.03;281.84
16:57:33;59.44137;8.00835333333;0.42;152.79
16:57:53;59.4414033333;8.00838;0.54;324.13
16:58:13;59.44138;8.008435;0.12;148.17
16:58:33;59.4414033333;8.00839166667;0.31;138.49
16:58:53;59.4413816667;8.008415;0.03;99.96
16:59:13;59.4413466667;8.00846333333;0.2;142.88
16:59:33;59.4413416667;8.00846166667;0.57;150.04
16:59:53;59.441355;8.00842;0.05;209.18
17:00:13;59.4413666667;8.0084;0.13;325.87
17:00:33;59.441395;8.008345;0.1;0.57
17:00:53;59.4413866667;8.00836833333;0.29;141.26
17:01:13;59.4413616667;8.00841666667;0.32;327.59
17:01:33;59.4413633333;8.0084;0.13;151.95
17:01:53;59.4413766667;8.00838;0.08;14.12
17:02:13;59.4413616667;8.00840333333;0.58;134.06
17:02:33;59.4413566667;8.00841833333;0.15;131.39
17:02:53;59.4413766667;8.008395;0.3;124.58
17:03:13;59.4413716667;8.00839333333;0.35;130.36
17:03:33;59.4412733333;8.00841333333;0.2;318.44
17:03:53;59.4412983333;8.00840166667;0.21;148.47
17:04:13;59.4413333333;8.00838333333;0.22;327.35
17:04:33;59.4413383333;8.00838166667;0.23;142.95
17:04:53;59.4413633333;8.008355;0.41;314.04
17:05:13;59.441325;8.00839666667;0.09;166.52
17:05:33;59.44131;8.00841833333;0.73;318.45
17:05:53;59.4413133333;8.00842;0.23;313.54
17:06:13;59.441335;8.00838833333;0.25;140.32
17:06:33;59.4413333333;8.00840166667;0.64;317.3
17:06:53;59.4413216667;8.00841666667;0.51;311.47
17:07:13;59.4413133333;8.00843;0.65;312.56
17:07:33;59.4413616667;8.008365;0.09;296.15
17:07:53;59.4413366667;8.00840166667;0.2;300.62
17:08:13;59.4413383333;8.00840333333;0.37;322.88
17:08:33;59.4413266667;8.00843333333;0.2;332.67
17:08:53;59.4413166667;8.00845333333;0.18;322.53
17:09:13;59.4413166667;8.00844166667;0.47;142.82
17:09:33;59.4413266667;8.00842;0.12;359.52
17:09:53;59.4413383333;8.00839833333;0.2;295.95
17:10:13;59.4413433333;8.00838166667;0.04;159.63
17:10:33;59.4413366667;8.00839833333;0.06;167.84
17:10:53;59.4413333333;8.00841;0.03;314.27
17:11:13;59.4413316667;8.00842333333;0.03;89.6
17:11:33;59.441335;8.00843;0.23;183.79
17:11:53;59.44134;8.00842666667;0.25;218.22
17:12:13;59.441335;8.00843333333;0.1;79.96
17:12:33;59.4413333333;8.00843166667;0.1;129.97
17:12:53;59.4413333333;8.008435;0.1;49.79
17:13:13;59.4413366667;8.00842333333;0.16;317.81
17:13:33;59.44134;8.008415;0.07;321.34
17:13:53;59.44134;8.00841;0.01;91.26
17:14:13;59.4413383333;8.00841333333;0.06;308.65
17:14:33;59.4413433333;8.00840833333;0.03;99.29
17:14:53;59.4413516667;8.00840166667;0.14;116.03
17:15:13;59.4413516667;8.00840166667;0.08;358.0
17:15:33;59.4413483333;8.00840666667;0.05;127.0
17:15:53;59.4413516667;8.008405;0.22;83.33
17:16:13;59.441355;8.00839;0.08;107.67
17:16:33;59.4413516667;8.00839833333;0.25;290.08
17:16:53;59.4413383333;8.00838166667;0.12;1.15
17:17:13;59.441355;8.00838833333;0.39;337.8
17:17:33;59.4413533333;8.00838333333;0.29;6.3
17:17:53;59.44136;8.00835333333;0.17;341.25
17:18:13;59.4413633333;8.00836833333;0.67;126.87
17:18:33;59.44136;8.008405;0.28;136.23
17:18:53;59.44138;8.00839166667;0.36;347.31
17:19:13;59.44141;8.00838833333;0.31;17.27
17:19:33;59.4413933333;8.00839833333;0.1;21.69
17:19:53;59.4413866667;8.00834166667;0.68;296.76
17:20:13;59.44138;8.008395;0.14;165.37
17:20:33;59.4413733333;8.00837166667;0.32;287.66
17:20:53;59.4413616667;8.00830833333;0.53;285.36
17:21:13;59.4413583333;8.00829333333;0.36;182.97
17:21:33;59.4413566667;8.00832666667;0.06;329.19
17:21:53;59.4413833333;8.008385;0.51;335.38
17:22:13;59.4413666667;8.00838166667;0.36;192.7
17:22:33;59.4413833333;8.00836166667;0.43;352.05
17:22:53;59.44139;8.00838666667;0.73;338.4
17:23:13;59.441375;8.00839166667;0.51;165.49
17:23:33;59.4413683333;8.00835666667;0.18;204.83
17:23:53;59.4413633333;8.00830833333;0.57;168.34
17:24:13;59.4413766667;8.00838;0.29;1.84
17:24:33;59.4413733333;8.00838166667;0.42;134.03
17:24:53;59.4413733333;8.00838;0.43;338.58
17:25:13;59.4413633333;8.00837166667;0.29;238.24
17:25:33;59.4413583333;8.00838166667;0.23;302.85
17:25:53;59.4413683333;8.00839833333;0.15;31.96
17:26:13;59.44138;8.00839833333;0.18;305.4
17:26:33;59.44138;8.008385;0.25;287.89
17:26:53;59.4413516667;8.00834833333;0.32;175.43
17:27:13;59.441375;8.00838833333;0.39;340.97
17:27:33;59.4413566667;8.008375;0.16;117.38
17:27:53;59.4413583333;8.008385;0.44;356.94
17:28:13;59.4413666667;8.00838166667;0.44;323.36
17:28:33;59.4413083333;8.008345;0.14;251.8
17:28:53;59.4413366667;8.008365;0.21;47.19
17:29:13;59.4413783333;8.00834666667;0.53;338.8
17:29:33;59.4413683333;8.00831666667;0.36;284.35
17:29:53;59.441375;8.00826833333;0.17;319.72
17:30:13;59.4413983333;8.00833166667;0.28;38.54
17:30:33;59.44142;8.00834166667;0.07;334.8
17:30:53;59.4414216667;8.00835166667;0.08;335.43
17:31:13;59.4413483333;8.00834166667;0.85;159.1
17:31:33;59.44142;8.00830333333;0.41;0.68
17:31:53;59.4414083333;8.00835;0.38;139.5
17:32:13;59.4413983333;8.00832666667;0.35;241.96
17:32:33;59.4414283333;8.00836;0.68;340.58
17:33:40;59.4414166667;8.00839;0.07;341.76
17:34:00;59.4415116667;8.008315;0.9;346.23
17:34:20;59.4414433333;8.00833;0.43;174.41
17:34:40;59.4414733333;8.00834166667;0.17;58.02
17:35:00;59.441525;8.00829333333;0.41;130.37
17:35:20;59.4414366667;8.00836166667;0.54;268.65
19:42:19;59.4413783333;8.00841666667;0.04;123.67
19:42:39;59.4413833333;8.00840833333;0.03;224.29
19:42:59;59.4413866667;8.00841333333;0.02;17.23
19:43:19;59.4413883333;8.00842333333;0.0;243.92
19:43:39;59.4413833333;8.00841333333;0.02;148.01
19:43:59;59.4413866667;8.00840666667;0.05;196.46
19:44:19;59.441385;8.00840166667;0.02;121.16
19:44:39;59.441385;8.008405;0.01;132.81
19:44:59;59.44139;8.0084;0.0;240.75
19:45:19;59.4413883333;8.00839333333;0.01;85.24
19:45:39;59.4413883333;8.00839166667;0.03;155.19
19:45:59;59.4413933333;8.00838666667;0.01;258.94
19:46:19;59.4413983333;8.00837666667;0.02;190.47
19:46:39;59.441395;8.00837666667;0.05;95.11
19:46:59;59.44139;8.00838333333;0.03;80.69
19:47:19;59.4413866667;8.00838333333;0.33;311.95
19:47:39;59.4413866667;8.00837833333;0.01;105.23
19:47:59;59.4413883333;8.00838166667;0.02;57.51
19:48:19;59.4413866667;8.00838833333;0.05;129.68
19:48:39;59.441385;8.00839166667;0.08;331.91
19:48:59;59.4413866667;8.00839666667;0.11;137.71
19:49:19;59.4413866667;8.00840833333;0.27;131.68
19:49:39;59.441385;8.00840666667;0.12;114.08
19:49:59;59.441385;8.00841333333;0.09;3.54
19:50:19;59.4414;8.00839833333;0.17;340.2
19:50:39;59.4414016667;8.00839833333;0.2;140.65
19:50:59;59.441415;8.00837166667;0.23;339.13
19:51:19;59.4414083333;8.00838;0.09;120.21
19:51:39;59.4414083333;8.00838166667;0.17;136.72
19:51:59;59.4413933333;8.00839333333;0.37;7.91
19:52:19;59.4414016667;8.00838333333;0.23;109.67
19:52:39;59.4414033333;8.00837333333;0.12;325.99
19:52:59;59.4414133333;8.00837166667;0.07;41.56
19:53:19;59.4414133333;8.00836;0.18;145.27
19:53:39;59.4414116667;8.00836666667;0.14;124.94
19:53:59;59.4414116667;8.00837;0.08;72.1
19:54:19;59.4414033333;8.00838666667;0.09;112.2
19:54:39;59.4413883333;8.00840166667;0.06;95.68
19:54:59;59.4413866667;8.008415;0.12;76.74
19:55:19;59.4413933333;8.00839166667;0.07;56.57
19:55:39;59.44139;8.00840166667;0.11;89.29
19:55:59;59.4413866667;8.00839666667;0.09;75.08
19:56:19;59.441385;8.00839833333;0.03;146.35
19:56:39;59.441385;8.00839833333;0.05;113.28
19:56:59;59.441385;8.00839666667;0.04;111.76
19:57:19;59.4413866667;8.00838666667;0.03;351.12
19:57:39;59.44139;8.00837166667;0.04;3.29
19:57:59;59.4413883333;8.00836833333;0.04;335.35
19:58:19;59.4413783333;8.00838;0.07;113.97
19:58:39;59.4413766667;8.00838166667;0.23;330.5
19:58:59;59.4413866667;8.00837166667;0.04;212.37
19:59:19;59.441385;8.008375;0.09;174.72
19:59:39;59.4413783333;8.00839666667;0.1;92.44
19:59:59;59.4413916667;8.00837166667;0.07;106.92
20:00:19;59.4413883333;8.00835666667;0.04;183.43
20:00:39;59.4413933333;8.00833833333;0.05;60.98
20:00:59;59.4413883333;8.00837;0.1;112.5
20:01:19;59.4413916667;8.008375;0.11;37.89
20:01:39;59.4413916667;8.008365;0.05;105.99
20:01:59;59.4413816667;8.00836;0.05;39.31
20:02:19;59.4413833333;8.00834833333;0.07;101.71
20:02:39;59.4413733333;8.00836166667;0.04;101.66
20:02:59;59.4413633333;8.00839833333;0.24;82.74
20:03:19;59.4413566667;8.00842;0.13;12.39
20:03:39;59.4413616667;8.00842;0.47;131.3
20:03:59;59.44137;8.00840166667;0.1;111.54
20:04:19;59.441365;8.00841333333;0.17;138.87
20:04:39;59.4413533333;8.008435;0.2;126.39
20:04:59;59.441345;8.00845166667;0.04;59.42
20:05:19;59.441345;8.00844833333;0.09;98.47
20:05:39;59.4413416667;8.00845;0.28;105.52
20:05:59;59.4413416667;8.00845166667;0.25;76.49
20:06:19;59.44134;8.00844333333;0.06;100.37
20:06:39;59.44134;8.00844833333;0.09;110.96
20:06:59;59.4413383333;8.00844666667;0.09;101.5
20:07:19;59.44134;8.00845;0.2;166.46
20:07:39;59.4413433333;8.00844166667;0.22;110.71
20:07:59;59.4413433333;8.00844;0.28;157.16
20:08:19;59.4413466667;8.00845166667;0.09;227.03
20:08:39;59.4413516667;8.00844166667;0.07;199.63
20:08:59;59.4413683333;8.00840166667;0.11;218.32
20:09:19;59.4413716667;8.00838833333;0.18;95.86
20:09:39;59.44138;8.00839;0.1;124.67
20:09:59;59.4413766667;8.00840166667;0.05;31.83
20:10:19;59.441375;8.00840666667;0.25;100.61
20:10:39;59.4413766667;8.008405;0.39;118.36
20:10:59;59.4413866667;8.00838333333;0.38;134.78
20:11:19;59.441415;8.00835166667;0.39;39.88
20:11:39;59.4413666667;8.00841;0.34;325.0
20:11:59;59.44139;8.00837833333;0.47;331.45
20:12:19;59.4413833333;8.00839333333;0.12;68.32
20:12:39;59.441365;8.00841166667;0.11;74.31
20:12:59;59.44143;8.00833666667;0.32;137.24
20:13:19;59.441405;8.00837333333;0.4;144.93
20:13:39;59.4413883333;8.00837166667;0.17;166.57
20:13:59;59.441385;8.008395;0.07;273.38
20:14:19;59.4413466667;8.00844;0.1;359.13
20:14:39;59.4413766667;8.00842166667;0.27;345.8
20:14:59;59.4413833333;8.00841166667;0.2;127.8
20:15:19;59.4414216667;8.00837;0.14;86.48
20:15:39;59.44138;8.00842666667;0.26;106.27
20:15:59;59.4414633333;8.00833166667;0.56;341.47
20:16:19;59.4414383333;8.008355;0.2;110.97
20:16:39;59.4414283333;8.00835833333;0.48;323.6
20:16:59;59.44143;8.00834833333;0.77;329.1
20:17:19;59.4413766667;8.00842833333;0.29;142.08
20:17:39;59.4413683333;8.00845333333;0.08;29.45
20:17:59;59.4413566667;8.00846;0.08;115.04
20:18:19;59.4413516667;8.00845666667;0.17;358.05
20:18:39;59.44136;8.00842833333;0.08;357.87
20:18:59;59.4413;8.00850166667;0.07;135.72
20:19:19;59.4412666667;8.008545;0.13;154.18
20:19:39;59.4411833333;8.00864666667;0.69;336.11
20:19:59;59.4413016667;8.00849833333;0.25;358.45
20:20:19;59.4413766667;8.00841333333;0.73;332.52
20:20:39;59.4413466667;8.00842666667;0.28;135.54
20:20:59;59.4412666667;8.00851833333;0.29;143.45
20:21:19;59.4413633333;8.00840333333;0.44;338.82
20:21:39;59.4413433333;8.00842166667;0.2;346.3
20:21:59;59.441335;8.00843666667;0.52;147.95
20:22:19;59.4413533333;8.00841666667;0.53;143.09
20:22:39;59.441375;8.008385;0.09;27.23
20:22:59;59.4414383333;8.00829833333;0.42;327.69
20:23:19;59.441385;8.00839833333;1.03;337.68
20:23:39;59.4413366667;8.00846666667;0.69;339.48
20:23:59;59.4412966667;8.00850833333;1.15;147.63
20:24:19;59.44128;8.00852666667;0.18;142.11
20:24:39;59.4413783333;8.00840666667;0.68;334.21
20:24:59;59.44147;8.008295;0.34;139.21
20:25:19;59.4414366667;8.00833;0.23;136.56
20:25:39;59.44136;8.008415;0.25;340.12
20:25:59;59.4414033333;8.00836666667;0.29;142.45
20:26:19;59.44145;8.008325;0.41;351.35
20:26:39;59.441405;8.00838166667;0.4;321.95
20:26:59;59.44142;8.00837333333;0.89;333.61
20:27:19;59.4413783333;8.00841833333;0.41;343.47
20:27:39;59.4414633333;8.008325;0.11;352.97
20:27:59;59.4413833333;8.00840333333;0.73;149.77
20:28:19;59.4413383333;8.008455;0.12;129.78
20:28:39;59.4413483333;8.00844;0.37;142.45
20:28:59;59.441365;8.00842166667;1.17;334.48
20:29:19;59.4414633333;8.00831666667;0.46;346.49
20:29:39;59.441525;8.00822833333;1.15;333.42
20:29:59;59.4414333333;8.00834333333;0.11;35.7
20:30:19;59.4413566667;8.00843666667;0.07;258.35
20:30:39;59.441345;8.00846166667;0.82;330.82
20:30:59;59.4413933333;8.00836166667;1.33;323.13
20:31:19;59.441435;8.00832833333;0.08;49.13
20:31:39;59.4413833333;8.00839166667;0.06;206.57
20:31:59;59.441305;8.00847666667;0.69;312.26
20:32:19;59.4413483333;8.00847166667;0.74;331.26
20:32:39;59.44135;8.00848833333;0.34;125.24
20:32:59;59.4413966667;8.00842833333;0.76;325.04
20:33:19;59.44132;8.00852666667;0.3;150.21
20:33:39;59.4413266667;8.00849666667;0.05;128.03
20:33:59;59.4413933333;8.00842666667;0.31;341.5
20:34:19;59.441315;8.00850333333;0.76;133.91
20:34:39;59.4412333333;8.00857666667;1.17;140.91
20:34:59;59.4412783333;8.00853166667;0.28;353.28
20:35:19;59.4413066667;8.00850333333;0.28;149.97
20:35:39;59.44139;8.008415;0.52;326.62
20:35:59;59.441295;8.0085;0.36;136.9
20:36:19;59.4412683333;8.008535;0.45;132.7
20:36:39;59.4413466667;8.00844666667;0.5;118.69
20:36:59;59.4414;8.00842;0.18;346.86
20:37:19;59.441385;8.00844333333;0.1;112.58
20:37:39;59.44137;8.00845333333;0.46;119.71
20:37:59;59.4414183333;8.00837;0.14;79.98
20:38:19;59.4414633333;8.00831833333;0.17;318.49
20:38:39;59.441395;8.00842333333;0.44;147.37
20:38:59;59.441365;8.00845166667;0.13;71.28
20:39:19;59.4413916667;8.008405;0.19;129.56
20:39:39;59.4413966667;8.00840333333;0.07;95.4
20:39:59;59.4413633333;8.00844833333;0.25;129.58
20:40:19;59.44138;8.00842833333;0.15;21.5
20:40:39;59.4413866667;8.00841166667;0.29;112.33
20:40:59;59.441395;8.00840166667;0.08;156.93
20:41:19;59.4414066667;8.00837666667;0.23;118.18
20:41:39;59.4413633333;8.00841;0.16;294.88
20:41:59;59.4413516667;8.00843833333;0.1;75.29
20:42:19;59.4413583333;8.00843666667;0.04;53.69
20:42:39;59.4413266667;8.00846833333;0.35;162.02
20:42:59;59.4412983333;8.00848666667;0.36;122.2
20:43:19;59.4413833333;8.00841833333;0.12;337.93
20:43:39;59.4414266667;8.00838333333;0.11;107.37
20:43:59;59.4413983333;8.0084;0.52;135.21
20:44:19;59.4413216667;8.00845666667;0.19;184.58
20:44:39;59.4413083333;8.00848;0.06;183.12
20:44:59;59.4413316667;8.008455;0.07;27.44
20:45:19;59.4413566667;8.00843666667;0.28;336.19
20:45:39;59.4413683333;8.00842833333;0.11;61.82
20:45:59;59.4413716667;8.00841833333;0.11;321.23
20:46:19;59.441355;8.008415;0.28;166.51
20:46:39;59.4413483333;8.00842333333;0.2;146.66
20:46:59;59.441365;8.0084;0.27;341.36
20:47:19;59.4413783333;8.00838833333;0.1;71.87
20:47:39;59.4414;8.00838333333;0.13;34.29
20:47:59;59.441425;8.00838166667;0.1;37.69
20:48:19;59.4414316667;8.00838333333;0.09;80.23
20:48:39;59.44142;8.00837333333;0.14;117.38
20:48:59;59.4413983333;8.00838;0.1;109.47
20:49:19;59.441385;8.00837833333;0.1;79.26
20:49:39;59.44138;8.00837166667;0.16;6.34
20:49:59;59.44136;8.00837;0.15;138.77
20:50:19;59.4413566667;8.00837833333;0.11;117.45
20:50:39;59.44135;8.00839166667;0.11;122.89
20:50:59;59.4414333333;8.00836333333;0.29;354.27
20:51:19;59.4414116667;8.008325;0.09;354.84
20:51:39;59.44139;8.00838833333;0.29;358.27
20:51:59;59.4414266667;8.00839166667;0.05;35.75
20:52:19;59.4414483333;8.00838833333;0.1;47.12
20:52:39;59.4414466667;8.00838666667;0.11;90.7
20:52:59;59.441415;8.00840666667;0.91;163.6
20:53:19;59.4415366667;8.00827;1.07;345.59
20:53:39;59.4414833333;8.00830833333;0.33;210.85
20:53:59;59.4412916667;8.00834833333;1.03;144.87
20:54:19;59.4412416667;8.00839;0.83;174.49
20:54:39;59.4413933333;8.00841166667;0.77;342.37
20:54:59;59.4413433333;8.00838833333;0.45;175.67
20:55:19;59.4413316667;8.00839;0.27;286.51
20:55:39;59.4412983333;8.00838166667;0.63;161.3
20:55:59;59.4412883333;8.008355;0.24;115.47
20:56:19;59.4412966667;8.00834833333;0.62;345.41
20:56:39;59.4412616667;8.00832333333;0.45;129.32
20:56:59;59.4414;8.00833833333;1.13;10.58
20:57:19;59.4413683333;8.00836666667;0.49;346.24
20:57:39;59.4413966667;8.008355;0.48;13.64
20:57:59;59.44147;8.00834333333;0.35;38.66
20:58:19;59.441515;8.00839833333;0.17;321.13
20:58:39;59.441625;8.00841833333;0.18;18.56
20:58:59;59.4416033333;8.00848166667;0.3;170.22
20:59:19;59.4415583333;8.00845833333;0.36;77.76
20:59:39;59.4415883333;8.008455;0.52;40.58
20:59:59;59.4416383333;8.008395;0.41;52.82
21:00:19;59.441595;8.00839833333;0.16;188.55
21:00:39;59.44145;8.00830666667;0.96;170.96
21:00:59;59.4415233333;8.00829333333;0.58;317.4
21:01:19;59.4415416667;8.00829333333;0.81;350.53
21:01:39;59.4416066667;8.00842;0.21;314.46
21:01:59;59.4415683333;8.00842666667;0.62;167.14
21:02:19;59.4414733333;8.00837833333;0.59;144.94
21:02:39;59.44159;8.00832666667;0.19;328.83
21:02:59;59.4415583333;8.00829166667;0.72;130.35
21:03:19;59.441525;8.00828;0.56;196.61
21:03:39;59.4416366667;8.00837666667;0.57;37.31
21:03:59;59.4415783333;8.00838333333;0.48;136.95
21:04:19;59.441635;8.00833833333;0.18;28.2
21:04:39;59.4416316667;8.008325;0.19;52.9
21:04:59;59.441625;8.00837666667;0.22;128.1
21:05:19;59.4415316667;8.00839;0.51;143.37
21:05:39;59.4415733333;8.00838166667;0.47;180.93
21:05:59;59.4415966667;8.00835;0.38;357.06
21:06:19;59.4416166667;8.00835333333;0.51;5.52
21:06:39;59.4415816667;8.00842;0.29;58.76
21:06:59;59.44155;8.00836666667;0.17;321.43
21:07:19;59.4416;8.00832666667;0.67;2.5
21:07:39;59.4415616667;8.008315;0.41;22.41
21:07:59;59.441545;8.00831166667;0.53;339.63
21:08:19;59.44158;8.00826166667;0.81;322.22
21:08:39;59.441575;8.00837333333;0.76;4.17
21:08:59;59.44152;8.00837333333;0.33;145.51
21:09:19;59.44151;8.008255;0.44;165.75
21:09:39;59.441445;8.00830333333;0.64;174.54
21:09:59;59.44145;8.008365;0.39;21.67
21:10:19;59.4414566667;8.008365;0.13;1.89
21:10:39;59.44147;8.00836666667;0.15;47.13
21:10:59;59.44147;8.008395;0.43;8.63
21:11:19;59.4414583333;8.00838666667;0.11;26.11
21:11:39;59.4414616667;8.00838666667;0.26;84.61
21:11:59;59.4414633333;8.008395;0.26;174.81
21:12:19;59.4414316667;8.00834833333;0.25;137.65
21:12:39;59.4414166667;8.00835;0.17;137.45
21:12:59;59.4414283333;8.00834666667;0.32;180.61
21:13:19;59.4414033333;8.00829;0.09;129.65
21:13:39;59.4414133333;8.00834333333;0.15;142.53
21:13:59;59.441425;8.00837;0.16;170.32
21:14:19;59.4414316667;8.008365;0.05;37.03
21:14:39;59.44143;8.00836333333;0.06;59.61
21:14:59;59.4414333333;8.00836333333;0.09;137.18
21:15:19;59.4414433333;8.00835666667;0.14;62.69
21:15:39;59.441435;8.00837166667;0.42;180.67
21:15:59;59.4414433333;8.00834333333;0.14;337.91
21:16:19;59.44142;8.00830333333;0.04;157.74
21:16:39;59.4414666667;8.00830333333;0.25;12.82
21:16:59;59.44145;8.00832166667;0.05;110.53
21:17:19;59.4414516667;8.00827;0.33;138.71
21:17:39;59.44146;8.00826666667;0.15;134.05
21:17:59;59.4414733333;8.00831666667;0.24;201.24
21:18:19;59.4414633333;8.008305;0.78;214.13
21:18:39;59.4414633333;8.00828833333;0.2;74.3
21:18:59;59.441445;8.008305;0.53;224.38
21:19:19;59.4414233333;8.00833333333;0.19;200.49
21:19:39;59.4414;8.00829833333;0.55;193.22
21:19:59;59.4414333333;8.00829833333;0.11;38.69
21:20:19;59.4414533333;8.008285;0.15;91.92
21:20:39;59.4414833333;8.00829166667;0.17;96.48
21:20:59;59.441495;8.00830333333;0.14;298.47
21:21:19;59.4414683333;8.00832666667;0.49;35.71
21:21:39;59.441425;8.00827666667;0.22;193.22
21:21:59;59.441385;8.008225;0.38;180.07
21:22:19;59.4413816667;8.00822833333;0.17;207.79
21:22:39;59.4413916667;8.008265;0.18;61.91
21:22:59;59.4414066667;8.00830166667;0.43;54.06
21:23:19;59.4414166667;8.00831;0.25;230.06
21:23:39;59.4414233333;8.008305;0.1;93.13
21:23:59;59.4414266667;8.00831333333;0.44;30.86
21:24:19;59.44144;8.00833333333;0.6;31.89
21:24:39;59.4414483333;8.008355;0.43;28.94
21:24:59;59.4414483333;8.00836666667;0.07;167.62
21:25:19;59.4414383333;8.00834833333;0.1;45.96
21:25:39;59.4414333333;8.00834;0.2;193.29
21:25:59;59.4414283333;8.00833666667;0.1;34.11
21:26:19;59.4414366667;8.00833;0.38;194.41
21:26:39;59.441425;8.0083;0.2;185.85
21:26:59;59.4414266667;8.00830666667;0.17;181.77
21:27:19;59.4414133333;8.00828166667;0.21;56.62
21:27:39;59.4414266667;8.00830333333;0.27;75.18
21:27:59;59.4414416667;8.008325;0.37;22.1
21:28:19;59.4414233333;8.00829166667;0.33;200.76
21:28:39;59.4414333333;8.00831;0.36;44.43
21:28:59;59.44143;8.00830166667;0.06;43.82
21:29:19;59.4414116667;8.00828666667;0.28;189.4
21:29:39;59.4414166667;8.00829666667;0.28;26.36
21:29:59;59.44141;8.008295;0.07;33.93
21:30:19;59.4414016667;8.00831;0.03;48.62
21:30:39;59.441435;8.008285;0.06;4.41
21:30:59;59.4414133333;8.00833;0.08;125.52
21:31:19;59.4413983333;8.00833666667;0.03;21.05
21:31:39;59.4413783333;8.00832166667;0.04;65.43
21:31:59;59.4414016667;8.008315;0.1;41.02
21:32:19;59.4414166667;8.00837333333;0.18;30.04
21:32:39;59.4414283333;8.00841833333;0.12;30.73
21:32:59;59.4414233333;8.00839833333;0.39;228.33
21:33:19;59.4414183333;8.00838333333;0.19;288.2
21:33:39;59.441465;8.008375;0.48;75.44
21:33:59;59.4414566667;8.00839166667;0.4;72.05
21:34:19;59.44147;8.008405;0.39;44.04
21:34:39;59.4414866667;8.00838166667;0.18;2.88
21:34:59;59.4415033333;8.008345;0.42;35.53
21:35:19;59.4415133333;8.00832166667;0.24;90.02
21:35:39;59.4414866667;8.00832833333;0.08;216.28
21:35:59;59.4414533333;8.00833;0.26;187.1
21:36:19;59.44144;8.00832333333;0.03;96.4
21:36:39;59.4414316667;8.00831166667;0.15;235.84
21:36:59;59.441425;8.00831166667;0.06;317.65
21:37:19;59.4414116667;8.008305;0.06;303.3
21:37:39;59.4413883333;8.00828833333;0.06;129.23
21:37:59;59.4413833333;8.00829166667;0.06;90.74
21:38:19;59.4413816667;8.00829333333;0.02;106.17
21:38:39;59.44137;8.00830166667;0.04;119.03
21:38:59;59.4413733333;8.00830833333;0.05;57.25
21:39:19;59.4413616667;8.00830333333;0.05;64.08
21:39:39;59.44136;8.0083;0.05;66.55
21:39:59;59.4413566667;8.00830833333;0.23;77.98
21:40:19;59.4413483333;8.00832833333;0.05;324.95
21:40:39;59.4413333333;8.00830666667;0.06;114.07
21:40:59;59.4413266667;8.00829;0.06;97.66
21:41:19;59.4413233333;8.008285;0.18;106.62
21:41:39;59.4413183333;8.008295;0.19;109.81
21:41:59;59.4413616667;8.00833333333;0.23;104.59
21:42:19;59.4413716667;8.00832333333;0.06;77.52
21:42:39;59.4413533333;8.00833333333;0.21;113.1
21:42:59;59.441315;8.00835833333;0.3;115.81
21:43:19;59.4413066667;8.00833;0.07;118.89
21:43:39;59.4413116667;8.00829666667;0.15;108.61
21:43:59;59.441315;8.00828666667;0.09;315.96
21:44:19;59.4413183333;8.00829333333;0.19;108.75
21:44:39;59.44132;8.0083;0.27;115.37
21:44:59;59.4413333333;8.00831;0.04;31.5
21:45:19;59.44133;8.00831333333;0.19;105.56
21:45:39;59.441335;8.00832666667;0.11;89.57
21:45:59;59.44135;8.00831833333;0.13;308.58
21:46:19;59.44135;8.008325;0.23;107.39
21:46:39;59.4413766667;8.00835666667;0.13;84.33
21:46:59;59.4413783333;8.00836;0.09;86.94
21:47:19;59.441375;8.008355;0.07;121.81
21:47:39;59.4413516667;8.008345;0.03;179.86
21:47:59;59.4413433333;8.00832833333;0.06;293.36
21:48:19;59.441385;8.00835333333;0.24;316.57
21:48:39;59.4413916667;8.00835333333;0.13;306.17
21:48:59;59.4413966667;8.00835333333;0.1;324.01
21:49:19;59.4414;8.00835333333;0.05;80.14
21:49:39;59.44141;8.00835666667;0.16;91.15
21:49:59;59.4414183333;8.00836166667;0.24;105.6
21:50:19;59.4414233333;8.00834833333;0.09;332.55
21:50:39;59.4414283333;8.00834;0.14;94.19
21:50:59;59.4414283333;8.00832833333;0.04;41.59
21:51:19;59.44143;8.00831833333;0.2;101.0
21:51:39;59.4414266667;8.00832666667;0.23;108.45
21:51:59;59.4414216667;8.00833666667;0.26;110.69
21:52:19;59.4414283333;8.00832833333;0.12;84.12
21:52:39;59.4414316667;8.00832;0.14;100.31
21:52:59;59.4414316667;8.00832;0.11;17.41
21:53:19;59.4414283333;8.008325;0.09;11.77
21:53:39;59.4414216667;8.008335;0.05;64.95
21:53:59;59.4414183333;8.008335;0.08;115.78
21:54:19;59.441415;8.00833;0.08;297.12
21:54:39;59.4414083333;8.00833166667;0.05;89.07
21:54:59;59.4414066667;8.008335;0.07;83.83
21:55:19;59.4414066667;8.00834166667;0.06;51.54
21:55:39;59.44141;8.00834166667;0.15;96.03
21:55:59;59.441415;8.00833;0.06;31.27
21:56:19;59.4414183333;8.00832833333;0.11;350.98
21:56:39;59.4414166667;8.00833;0.08;351.88
21:56:59;59.4414083333;8.00831166667;0.08;315.57
21:57:19;59.441375;8.00843666667;0.07;100.74
21:57:39;59.44137;8.00845;0.03;78.95
21:57:59;59.441355;8.00845166667;0.04;60.29
21:58:19;59.4413533333;8.00844333333;0.18;336.56
21:58:39;59.4413566667;8.00843833333;0.21;340.07
21:58:59;59.4413716667;8.00845166667;0.24;337.99
21:59:19;59.4413866667;8.00842166667;0.15;353.87
21:59:39;59.4413833333;8.00842333333;0.15;148.88
21:59:59;59.441385;8.00842;0.08;16.45
22:00:19;59.4413833333;8.008425;0.11;345.98
22:00:39;59.4413983333;8.00842666667;0.26;349.83
22:00:59;59.4413983333;8.00842666667;0.21;340.54
22:01:19;59.4414016667;8.00840833333;0.09;354.8
22:01:39;59.4414083333;8.00839666667;0.14;357.83
22:01:59;59.4414033333;8.00841;0.15;347.22
22:02:19;59.4414;8.00841666667;0.05;101.76
22:02:39;59.4414016667;8.00841;0.04;40.32
22:02:59;59.4414016667;8.00841;0.07;114.3
22:03:19;59.441405;8.00841;0.08;65.08
22:03:39;59.441415;8.00840666667;0.28;331.23
22:03:59;59.4414266667;8.008395;0.07;3.52
22:04:19;59.44143;8.00838666667;0.08;357.67
22:04:39;59.4414333333;8.00837666667;0.3;343.4
22:04:59;59.44143;8.00837333333;0.03;147.72
22:05:19;59.4414316667;8.00836833333;0.12;340.69
22:05:39;59.4414283333;8.00836666667;0.31;342.45
22:05:59;59.4414266667;8.008365;0.17;336.01
22:06:19;59.4414266667;8.008365;0.09;350.1
22:06:39;59.4414283333;8.00836;0.03;19.82
22:06:59;59.4414283333;8.00836666667;0.14;351.18
22:07:19;59.4414233333;8.00836833333;0.1;337.14
22:07:39;59.44142;8.00836833333;0.18;332.42
22:07:59;59.441415;8.00837333333;0.06;106.82
22:08:19;59.4414166667;8.008375;0.08;349.19
22:08:39;59.4414133333;8.008385;0.07;15.73
22:08:59;59.4414133333;8.00838666667;0.05;1.53
22:09:19;59.441415;8.00838166667;0.06;335.12
22:09:39;59.441415;8.00837166667;0.06;340.59
22:09:59;59.4414183333;8.008365;0.06;358.18
22:10:19;59.441425;8.00836;0.04;12.19
22:10:39;59.4414266667;8.00835833333;0.03;1.33
22:10:59;59.441425;8.00836333333;0.03;6.64
22:11:19;59.4414183333;8.00836833333;0.06;345.2
22:11:39;59.4414116667;8.008365;0.05;350.52
22:11:59;59.4414166667;8.00835833333;0.06;354.22
22:12:19;59.4414216667;8.00835333333;0.04;20.26
22:12:39;59.44144;8.008345;0.04;1.61
22:12:59;59.4414316667;8.00834666667;0.06;348.75
22:13:19;59.44143;8.00835;0.02;7.0
22:13:39;59.44142;8.00836833333;0.03;25.61
22:13:59;59.44144;8.00838;0.13;356.85
22:14:19;59.441475;8.00837;0.06;344.96
22:14:39;59.4414166667;8.00838166667;0.02;311.96
22:14:59;59.4413766667;8.0084;0.02;271.63
22:15:19;59.4413733333;8.00840166667;0.03;40.42
22:15:39;59.4413833333;8.00840666667;0.06;0.58
22:15:59;59.4413833333;8.008405;0.02;42.31
22:16:19;59.4413816667;8.00839833333;0.04;2.83
22:16:39;59.4413883333;8.00839333333;0.01;97.08
22:16:59;59.4413916667;8.00839166667;0.12;358.84
22:17:19;59.44139;8.008395;0.08;17.71
22:17:39;59.441385;8.00839833333;0.06;12.26
22:17:59;59.44138;8.0084;0.08;356.14
22:18:19;59.4413733333;8.00840333333;0.09;354.86
22:18:39;59.441365;8.00841;0.1;354.23
22:18:59;59.4413566667;8.00841666667;0.09;2.39
22:19:19;59.4413516667;8.00841833333;0.1;0.01
22:19:39;59.4413483333;8.00842333333;0.08;357.96
22:19:59;59.4413516667;8.00841833333;0.1;6.96
22:20:19;59.4413566667;8.00841166667;0.1;357.9
22:20:39;59.4413566667;8.00841;0.09;2.31
22:20:59;59.4413583333;8.00841333333;0.08;359.2
22:21:19;59.4413616667;8.00841833333;0.09;1.89
22:21:39;59.4413633333;8.00841833333;0.11;351.18
22:21:59;59.4413633333;8.008415;0.05;356.58
22:22:19;59.4413633333;8.00841333333;0.09;0.86
22:22:39;59.4413666667;8.00841;0.09;358.98
22:22:59;59.44137;8.00840333333;0.08;359.54
22:23:19;59.4413716667;8.00840166667;0.09;0.12
22:23:39;59.4413733333;8.00839666667;0.11;350.78
22:23:59;59.44137;8.00839833333;0.06;1.84
22:24:19;59.4413666667;8.00839833333;0.06;0.14
22:24:39;59.44137;8.00839;0.1;359.54
22:24:59;59.4413683333;8.00839333333;0.09;1.42
22:25:19;59.4413666667;8.00840166667;0.1;2.91
22:25:39;59.44137;8.00840333333;0.12;355.59
22:25:59;59.4413683333;8.00841;0.09;2.1
22:26:19;59.4413683333;8.00841166667;0.08;358.01
22:26:39;59.4413666667;8.008415;0.07;356.84
22:26:59;59.4413633333;8.00842;0.1;1.57
22:27:19;59.4413616667;8.00842333333;0.08;7.75
22:27:39;59.4413566667;8.00842666667;0.09;5.81
22:27:59;59.4413516667;8.00842333333;0.09;0.44
22:28:19;59.44135;8.00842833333;0.07;6.85
22:28:39;59.4413433333;8.00844166667;0.12;349.86
22:28:59;59.44134;8.00845;0.07;8.34
22:29:19;59.4413383333;8.00845;0.11;349.17
22:29:39;59.441335;8.00845166667;0.09;358.0
22:29:59;59.4413383333;8.00844666667;0.07;20.18
22:30:19;59.4413433333;8.00843;0.09;348.55
22:30:39;59.441355;8.00841;0.09;355.86
22:30:59;59.44136;8.00840333333;0.07;20.36
22:31:19;59.4413766667;8.00837666667;0.07;12.55
22:31:39;59.4413783333;8.00836833333;0.06;40.41
22:31:59;59.44138;8.008365;0.08;2.47
22:32:19;59.4413833333;8.00835833333;0.06;44.56
22:32:39;59.4413883333;8.00835666667;0.23;336.35
22:32:59;59.4413783333;8.00838166667;0.13;344.74
22:33:19;59.4413733333;8.008395;0.06;69.78
22:33:39;59.44137;8.00840333333;0.03;355.53
22:33:59;59.441375;8.008395;0.17;123.24
22:34:19;59.4413783333;8.00838333333;0.07;98.43
22:34:39;59.4413816667;8.00836833333;0.19;346.95
22:34:59;59.441385;8.008365;0.14;339.28
22:35:19;59.4413916667;8.00836;0.08;93.04
22:35:39;59.44139;8.00837;0.07;110.9
22:35:59;59.44138;8.00838;0.18;135.57
22:36:19;59.4413816667;8.008365;0.31;329.57
22:36:39;59.44138;8.00835833333;0.14;120.34
22:36:59;59.4413833333;8.00835666667;0.07;94.47
22:37:19;59.441385;8.00835;0.07;49.08
22:37:39;59.4413833333;8.00835166667;0.05;46.44
22:37:59;59.4413866667;8.00835;0.05;51.6
22:38:19;59.44139;8.00835;0.06;123.42
22:38:39;59.4413883333;8.00835666667;0.08;126.02
22:38:59;59.4413866667;8.00836166667;0.2;133.48
22:39:19;59.441385;8.00836;0.05;112.08
22:39:39;59.44139;8.008355;0.37;331.82
22:39:59;59.4413883333;8.00836;0.1;122.04
22:40:19;59.4413866667;8.00836833333;0.08;352.85
22:40:39;59.441385;8.00838;0.04;32.85
22:40:59;59.44139;8.00837666667;0.06;129.8
22:41:19;59.4414;8.008365;0.05;110.26
22:41:39;59.4413866667;8.00836666667;0.04;54.98
22:41:59;59.4413833333;8.00836333333;0.08;357.45
22:42:19;59.4413866667;8.00835666667;0.24;132.37
22:42:39;59.4413766667;8.00835666667;0.35;327.64
22:42:59;59.4413716667;8.00836;0.14;340.32
22:43:19;59.441375;8.00836166667;0.37;326.2
22:43:39;59.44138;8.00835833333;0.1;111.3
22:43:59;59.4413816667;8.00835666667;0.09;348.79
22:44:19;59.44139;8.00834833333;0.22;133.11
22:44:39;59.44139;8.00834833333;0.22;135.33
22:44:59;59.441395;8.00834;0.29;333.47
22:45:19;59.4413983333;8.008325;0.12;340.5
22:45:39;59.441395;8.00834166667;0.07;104.53
22:45:59;59.4413933333;8.00834833333;0.35;329.85
22:46:19;59.441395;8.00834666667;0.37;327.42
22:46:39;59.4413933333;8.008335;0.24;133.78
22:46:59;59.4413933333;8.00833333333;0.04;5.88
22:47:19;59.44139;8.00834333333;0.25;134.2
22:47:39;59.4413883333;8.00835166667;0.03;69.13
22:47:59;59.4413716667;8.00836;0.04;55.17
22:48:19;59.44138;8.00835833333;0.11;345.2
22:48:39;59.4413916667;8.008335;0.12;341.3
22:48:59;59.4413983333;8.008305;0.21;329.36
22:49:19;59.441405;8.00828166667;0.32;326.63
22:49:39;59.441405;8.00827166667;0.13;337.3
22:49:59;59.4413666667;8.00833833333;0.02;19.34
22:50:19;59.4413483333;8.00835166667;0.05;54.67
22:50:39;59.44135;8.00835;0.1;333.94
22:50:59;59.4413633333;8.00834333333;0.15;336.58
22:51:19;59.4413633333;8.008355;0.24;130.87
22:51:39;59.4413616667;8.00835833333;0.12;342.83
22:51:59;59.4413716667;8.00835166667;0.1;339.96
22:52:19;59.441385;8.00833666667;0.22;133.78
22:52:39;59.4413883333;8.00833333333;0.13;123.5
22:52:59;59.4413866667;8.00834666667;0.05;35.22
22:53:19;59.4413816667;8.00835833333;0.08;108.66
22:53:39;59.441375;8.008365;0.04;44.96
22:53:59;59.44136;8.00836666667;0.03;11.12
22:54:19;59.4413516667;8.00836833333;0.04;332.73
22:54:39;59.4413533333;8.00837833333;0.07;11.03
22:54:59;59.4413866667;8.008375;0.03;231.62
22:55:19;59.44139;8.00837666667;0.03;19.09
22:55:39;59.4413683333;8.00838;0.02;69.94
22:55:59;59.4413516667;8.00837833333;0.16;328.95
22:56:19;59.4413616667;8.00836;0.14;336.87
22:56:39;59.44136;8.00836;0.19;330.97
22:56:59;59.4413783333;8.00835833333;0.3;328.61
22:57:19;59.44138;8.00836333333;0.06;108.27
22:57:39;59.4413766667;8.00837333333;0.01;84.67
22:57:59;59.4413616667;8.00838333333;0.03;31.34
22:58:19;59.44136;8.00836333333;0.05;24.43
22:58:39;59.441355;8.00835333333;0.09;124.57
22:58:59;59.4413483333;8.00835666667;0.02;45.54
22:59:19;59.4413483333;8.008365;0.04;27.72
22:59:39;59.4413533333;8.00836333333;0.04;0.81
22:59:59;59.4413616667;8.00836333333;0.04;72.82
23:00:19;59.441365;8.00836166667;0.13;126.53
23:00:39;59.44139;8.00834833333;0.05;3.61
23:00:59;59.4414066667;8.00835;0.27;341.47
23:01:19;59.4414066667;8.00835666667;0.18;148.64
23:01:39;59.4414066667;8.00835833333;0.18;332.98
23:01:59;59.4414;8.00836;0.04;6.49
23:02:19;59.4413883333;8.00836333333;0.11;143.35
23:02:39;59.4413716667;8.00837166667;0.04;16.54
23:02:59;59.4413683333;8.00837166667;0.05;11.33
23:03:19;59.4413916667;8.00835833333;0.04;343.68
23:03:39;59.4414033333;8.00835;0.1;351.27
23:03:59;59.44141;8.00833833333;0.22;336.15
23:04:19;59.441415;8.00834833333;0.06;354.13
23:04:39;59.4414166667;8.008345;0.1;359.6
23:04:59;59.4414183333;8.008335;0.07;356.94
23:05:19;59.4414166667;8.00832666667;0.08;36.68
23:05:39;59.4414133333;8.00833166667;0.04;22.83
23:05:59;59.441435;8.00829333333;0.18;44.6
23:06:19;59.4414416667;8.00829166667;0.06;203.25
23:06:39;59.4414433333;8.008315;0.01;329.5
23:06:59;59.441445;8.00834;0.14;39.67
23:07:19;59.4414383333;8.00834;0.32;66.65
23:07:39;59.4414166667;8.00831666667;0.08;66.25
23:07:59;59.4414166667;8.00832166667;0.15;55.44
23:08:19;59.4414166667;8.00831333333;0.13;76.36
23:08:39;59.4414133333;8.00830666667;0.07;63.31
23:08:59;59.4414116667;8.008315;0.1;43.15
23:09:19;59.4414083333;8.008315;0.05;44.99
23:09:39;59.4414033333;8.00831333333;0.08;42.73
23:09:59;59.4414;8.00831666667;0.08;42.83
23:10:19;59.4413983333;8.00831833333;0.06;60.76
23:10:39;59.4413966667;8.00832166667;0.06;11.65
23:10:59;59.4413916667;8.00832833333;0.06;38.48
23:11:19;59.44139;8.00833;0.11;86.21
23:11:39;59.4413966667;8.008325;0.08;27.39
23:11:59;59.4414;8.00832333333;0.07;13.54
23:12:19;59.4413983333;8.00833166667;0.06;55.89
23:12:39;59.4413983333;8.00833333333;0.07;59.07
23:12:59;59.441395;8.00833;0.04;38.98
23:13:19;59.4413866667;8.008325;0.01;15.34
23:13:39;59.4413833333;8.00832666667;0.08;34.57
23:13:59;59.4413866667;8.00833;0.08;50.41
23:14:19;59.44139;8.00832833333;0.07;47.78
23:14:39;59.4413866667;8.00833;0.04;37.71
23:14:59;59.441385;8.00832666667;0.1;38.55
23:15:19;59.4413883333;8.00833;0.09;39.3
23:15:39;59.441385;8.00832833333;0.06;44.54
23:15:59;59.4413816667;8.008325;0.07;25.74
23:16:19;59.4413783333;8.00832833333;0.08;22.03
23:16:39;59.441375;8.00832666667;0.05;28.5
23:16:59;59.4413733333;8.008325;0.06;97.27
23:17:19;59.44138;8.00832666667;0.1;182.96
23:17:39;59.4413866667;8.00832333333;0.08;30.64
23:17:59;59.4413883333;8.00832333333;0.07;66.65
23:18:19;59.4413883333;8.00832666667;0.06;51.19
23:18:39;59.44139;8.00832333333;0.08;28.97
23:18:59;59.4413783333;8.00832166667;0.04;130.59
23:19:19;59.4413766667;8.00832833333;0.07;292.34
23:19:39;59.44138;8.00833;0.16;319.82
23:19:59;59.4413783333;8.008335;0.1;45.02
23:20:19;59.4413733333;8.00833666667;0.09;72.58
23:20:39;59.4413716667;8.00834333333;0.08;57.31
23:20:59;59.4413766667;8.00835666667;0.2;40.01
23:21:19;59.4413716667;8.00834666667;0.17;193.27
23:21:39;59.4413683333;8.00833166667;0.1;63.48
23:21:59;59.4413733333;8.00833166667;0.23;345.53
23:22:19;59.4413833333;8.00833833333;0.1;12.29
23:22:39;59.4413816667;8.00834;0.05;125.68
23:22:59;59.4413883333;8.008345;0.2;355.51
23:23:19;59.4413966667;8.00834833333;0.22;349.89
23:23:39;59.4413916667;8.008345;0.26;340.69
23:23:59;59.4413616667;8.00831666667;0.22;270.94
23:24:19;59.4413233333;8.00831666667;0.54;143.92
23:24:39;59.441345;8.008335;0.28;121.41
23:24:59;59.44137;8.008345;0.29;17.6
23:25:19;59.44139;8.00835333333;0.17;322.78
23:25:39;59.4414;8.00836666667;0.19;68.2
23:25:59;59.4414116667;8.00837333333;0.08;33.48
23:26:19;59.44142;8.00837666667;0.18;188.55
23:26:39;59.4414266667;8.00839333333;0.12;222.83
23:26:59;59.4414216667;8.00838166667;0.3;13.48
23:27:19;59.4414283333;8.008385;0.32;105.13
23:27:39;59.441445;8.00839666667;0.21;326.9
23:27:59;59.441455;8.008405;0.17;322.98
23:28:19;59.44144;8.00838833333;0.05;230.22
23:28:39;59.4414383333;8.008395;0.09;66.05
23:28:59;59.44144;8.008405;0.57;32.58
23:29:19;59.44143;8.008405;0.41;161.09
23:29:39;59.4414416667;8.00839666667;0.57;168.96
23:29:59;59.4414333333;8.00841;0.23;110.04
23:30:19;59.44144;8.008395;0.31;272.57
23:30:39;59.4414433333;8.00839666667;0.16;70.86
23:30:59;59.4414466667;8.008395;0.16;21.47
23:31:19;59.4414483333;8.00838833333;0.25;106.67
23:31:39;59.4414433333;8.00839166667;0.08;83.16
23:31:59;59.441445;8.00839;0.15;113.56
23:32:19;59.4414483333;8.008395;0.3;110.0
23:32:39;59.441445;8.00839333333;0.34;178.37
23:32:59;59.44145;8.00838833333;0.41;163.55
23:33:19;59.4414533333;8.00839833333;0.02;52.35
23:33:39;59.4414633333;8.00838666667;0.27;316.26
23:33:59;59.4414616667;8.00836833333;0.5;201.55
23:34:19;59.44147;8.00838666667;0.41;152.7
23:34:39;59.441475;8.008425;0.77;51.84
23:34:59;59.4414683333;8.00843166667;0.76;189.78
23:35:19;59.4414716667;8.00842833333;0.35;153.36
23:35:39;59.4414633333;8.00842666667;0.52;176.12
23:35:59;59.4414533333;8.00841333333;0.27;76.71
23:36:19;59.4414666667;8.0084;0.13;1.74
23:36:39;59.441485;8.008395;0.16;74.14
23:36:59;59.441505;8.00839666667;0.37;10.37
23:37:19;59.4414983333;8.008405;0.25;69.91
23:37:39;59.4414783333;8.00840666667;0.07;292.39
23:37:59;59.4414766667;8.00840666667;0.24;232.46
23:38:19;59.4414483333;8.00839333333;0.3;192.75
23:38:39;59.441425;8.00839833333;0.29;225.5
23:38:59;59.4414533333;8.00839;0.33;8.75
23:39:19;59.441455;8.00840666667;0.59;38.22
23:39:39;59.4414466667;8.00841166667;0.06;53.01
23:39:59;59.44145;8.0084;0.1;124.91
23:40:19;59.4414533333;8.00840666667;0.3;199.56
23:40:39;59.44145;8.00841;0.21;96.04
23:40:59;59.4414683333;8.008415;0.44;39.13
23:41:19;59.44147;8.00842;0.54;31.71
23:41:39;59.4414583333;8.00842;0.33;204.75
23:41:59;59.441465;8.008395;0.29;341.57
23:42:19;59.4414483333;8.00839833333;0.36;172.7
23:42:39;59.44143;8.00839666667;0.37;241.01
23:42:59;59.4414283333;8.00841;0.37;187.9
23:43:19;59.4414233333;8.008415;0.36;136.27
23:43:39;59.4414083333;8.00840833333;0.42;209.8
23:43:59;59.4414183333;8.00842;0.26;63.43
23:44:19;59.4414016667;8.00842;0.55;28.63
23:44:39;59.4413966667;8.00842833333;0.29;89.08
23:44:59;59.4413983333;8.008415;0.08;140.09
23:45:19;59.441405;8.00841;0.16;232.89
23:45:39;59.4414116667;8.00840833333;0.32;168.85
23:45:59;59.4413966667;8.00840833333;0.32;196.94
23:46:19;59.4413783333;8.00840666667;0.45;202.3
23:46:39;59.4413783333;8.008405;0.53;147.3
23:46:59;59.4413683333;8.008405;0.27;201.22
23:47:19;59.441365;8.00840666667;0.33;166.29
23:47:39;59.4413733333;8.00842166667;0.22;91.12
23:47:59;59.441375;8.00842166667;0.08;236.55
23:48:19;59.4413766667;8.008405;0.28;303.69
23:48:39;59.4413783333;8.00842833333;0.18;8.48
23:48:59;59.44133;8.00844333333;0.46;190.31
23:49:19;59.4413566667;8.00851333333;0.12;33.26
23:49:39;59.4413533333;8.00849833333;0.08;145.32
23:49:59;59.4413666667;8.00841333333;0.17;288.5
23:50:19;59.4413766667;8.00856333333;0.21;135.46
23:50:39;59.441375;8.00853666667;0.09;213.34
23:50:59;59.44138;8.008495;0.09;131.06
23:51:19;59.441325;8.00851333333;0.29;106.35
23:51:39;59.4413116667;8.00854166667;0.28;116.59
23:51:59;59.4413583333;8.00854333333;0.21;132.65
23:52:19;59.44135;8.00857;0.16;117.23
23:52:39;59.4413766667;8.00845833333;0.47;140.92
23:52:59;59.4413633333;8.008435;0.09;252.22
23:53:19;59.441345;8.008395;0.05;230.04
23:53:39;59.4413266667;8.00840666667;0.28;164.67
23:53:59;59.4413133333;8.00838333333;0.07;156.99
23:54:19;59.441315;8.00834;0.17;11.57
23:54:39;59.4413;8.00847833333;0.24;152.06
23:54:59;59.4412416667;8.00839;0.17;208.08
23:55:19;59.441225;8.008385;0.12;96.2
23:55:39;59.4412416667;8.00840166667;0.19;95.96
23:55:59;59.441295;8.00846;0.2;112.1
23:56:19;59.4412766667;8.00843166667;0.04;182.63
23:56:39;59.44132;8.008425;0.1;161.67
23:56:59;59.4413116667;8.00846333333;0.21;154.7
23:57:19;59.4413133333;8.00844166667;0.09;265.78
23:57:39;59.4413283333;8.00842166667;0.09;125.94
23:57:59;59.4413266667;8.00842333333;0.09;116.39
23:58:19;59.441325;8.00842666667;0.11;145.57
23:58:39;59.4413116667;8.00842;0.07;170.73
23:58:59;59.44131;8.00840666667;0.1;92.83
23:59:19;59.4413016667;8.00841333333;0.14;148.8
23:59:39;59.4412916667;8.008495;0.14;30.04
23:59:59;59.4412966667;8.00847333333;0.15;289.4
